Entity,Code,Year,Annual CO₂ emissions from oil,Annual CO₂ emissions from coal,Annual CO₂ emissions from cement,Annual CO₂ emissions from gas,Annual CO₂ emissions from flaring,Annual CO₂ emissions from other industry
World,OWID_WRL,1750,,9305937,,,,0
World,OWID_WRL,1751,,9407229,,,,0
World,OWID_WRL,1752,,9505168,,,,0
World,OWID_WRL,1753,,9610490,,,,0
World,OWID_WRL,1754,,9733580,,,,0
World,OWID_WRL,1755,,9793468,,,,0
World,OWID_WRL,1756,,9909914,,,,0
World,OWID_WRL,1757,,10093936,,,,0
World,OWID_WRL,1758,,10216358,,,,0
World,OWID_WRL,1759,,10338854,,,,0
World,OWID_WRL,1760,,10514331,,,,0
World,OWID_WRL,1761,,10747885,,,,0
World,OWID_WRL,1762,,10952198,,,,0
World,OWID_WRL,1763,,11191592,,,,0
World,OWID_WRL,1764,,11396982,,,,0
World,OWID_WRL,1765,,11643486,,,,0
World,OWID_WRL,1766,,11876080,,,,0
World,OWID_WRL,1767,,12152509,,,,0
World,OWID_WRL,1768,,12466936,,,,0
World,OWID_WRL,1769,,12780074,,,,0
World,OWID_WRL,1770,,13097216,,,,0
World,OWID_WRL,1771,,13369488,,,,0
World,OWID_WRL,1772,,13623507,,,,0
World,OWID_WRL,1773,,13808138,,,,0
World,OWID_WRL,1774,,14012415,,,,0
World,OWID_WRL,1775,,14338920,,,,0
World,OWID_WRL,1776,,14654124,,,,0
World,OWID_WRL,1777,,14959537,,,,0
World,OWID_WRL,1778,,15243483,,,,0
World,OWID_WRL,1779,,15535235,,,,0
World,OWID_WRL,1780,,15878726,,,,0
World,OWID_WRL,1781,,16234383,,,,0
World,OWID_WRL,1782,,16580954,,,,0
World,OWID_WRL,1783,,17062752,,,,0
World,OWID_WRL,1784,,17471092,,,,0
World,OWID_WRL,1785,,17965128,,,,0
World,OWID_WRL,1786,,18447496,,,,0
World,OWID_WRL,1787,,18859130,,,,0
World,OWID_WRL,1788,,19286228,,,,0
World,OWID_WRL,1789,,19863424,,,,0
World,OWID_WRL,1790,,20398094,,,,0
World,OWID_WRL,1791,,20931750,,,,0
World,OWID_WRL,1792,,21929214,,,,0
World,OWID_WRL,1793,,22297260,,,,0
World,OWID_WRL,1794,,22519656,,,,0
World,OWID_WRL,1795,,22315246,,,,0
World,OWID_WRL,1796,,22121374,,,,0
World,OWID_WRL,1797,,22090078,,,,0
World,OWID_WRL,1798,,23105928,,,,0
World,OWID_WRL,1799,,27485206,,,,0
World,OWID_WRL,1800,,32798352,,,,0
World,OWID_WRL,1801,,31986050,,,,0
World,OWID_WRL,1802,,40310476,,,,0
World,OWID_WRL,1803,,29538506,,,,0
World,OWID_WRL,1804,,31769176,,,,0
World,OWID_WRL,1805,,31251818,,,,0
World,OWID_WRL,1806,,32704620,,,,0
World,OWID_WRL,1807,,36200652,,,,0
World,OWID_WRL,1808,,35497788,,,,0
World,OWID_WRL,1809,,36333812,,,,0
World,OWID_WRL,1810,,39492310,,,,0
World,OWID_WRL,1811,,40176680,,,,0
World,OWID_WRL,1812,,40814520,,,,0
World,OWID_WRL,1813,,41206140,,,,0
World,OWID_WRL,1814,,42226650,,,,0
World,OWID_WRL,1815,,43587264,,,,0
World,OWID_WRL,1816,,45496580,,,,0
World,OWID_WRL,1817,,49275920,,,,0
World,OWID_WRL,1818,,51392010,,,,0
World,OWID_WRL,1819,,50930170,,,,0
World,OWID_WRL,1820,,50733076,,,,0
World,OWID_WRL,1821,,52059348,,,,0
World,OWID_WRL,1822,,54021710,,,,0
World,OWID_WRL,1823,,56357760,,,,0
World,OWID_WRL,1824,,57583636,,,,0
World,OWID_WRL,1825,,60730864,,,,0
World,OWID_WRL,1826,,61382130,,,,0
World,OWID_WRL,1827,,65738572,,,,0
World,OWID_WRL,1828,,66681790,,,,0
World,OWID_WRL,1829,,66307412,,,,0
World,OWID_WRL,1830,,88988500,,,,0
World,OWID_WRL,1831,,83250904,,,,0
World,OWID_WRL,1832,,82091750,,,,0
World,OWID_WRL,1833,,83248940,,,,0
World,OWID_WRL,1834,,88763100,,,,0
World,OWID_WRL,1835,,97399600,,,,0
World,OWID_WRL,1836,,106894500,,,,0
World,OWID_WRL,1837,,106199420,,,,0
World,OWID_WRL,1838,,105845260,,,,0
World,OWID_WRL,1839,,109653030,,,,0
World,OWID_WRL,1840,,118808510,,,,0
World,OWID_WRL,1841,,122165550,,,,0
World,OWID_WRL,1842,,129388790,,,,0
World,OWID_WRL,1843,,132369384,,,,0
World,OWID_WRL,1844,,141966450,,,,0
World,OWID_WRL,1845,,155073400,,,,0
World,OWID_WRL,1846,,157701780,,,,0
World,OWID_WRL,1847,,170796750,,,,0
World,OWID_WRL,1848,,173643470,,,,0
World,OWID_WRL,1849,,185048030,,,,0
World,OWID_WRL,1850,,196847600,,,,0
World,OWID_WRL,1851,,198778540,,,,0
World,OWID_WRL,1852,,207595090,,,,0
World,OWID_WRL,1853,,217236980,,,,0
World,OWID_WRL,1854,,255038560,,,,0
World,OWID_WRL,1855,36640,260223200,,,,0
World,OWID_WRL,1856,40304,278205300,,,,0
World,OWID_WRL,1857,51296,281129760,,,,0
World,OWID_WRL,1858,62288,285486100,,,,0
World,OWID_WRL,1859,54955,302517220,,,,0
World,OWID_WRL,1860,273469,332025000,,,,0
World,OWID_WRL,1861,941022,348249150,,,,0
World,OWID_WRL,1862,1398665,354592420,,,,0
World,OWID_WRL,1863,1293127,378241760,,,,0
World,OWID_WRL,1864,1109996,408415420,,,,0
World,OWID_WRL,1865,1319816,433531520,,,,0
World,OWID_WRL,1866,1951903,447115100,,,,0
World,OWID_WRL,1867,1984957,478828960,,,,0
World,OWID_WRL,1868,2288797,492204740,,,,0
World,OWID_WRL,1869,2614303,522116770,,,,0
World,OWID_WRL,1870,3133091,532990180,,,,0
World,OWID_WRL,1871,3282027,566494600,,,,0
World,OWID_WRL,1872,3698188,627263300,,,,0
World,OWID_WRL,1873,5669478,664797760,,,,0
World,OWID_WRL,1874,6243010,622419260,,,,0
World,OWID_WRL,1875,5835178,675212800,,,,0
World,OWID_WRL,1876,6535812,684046700,,,,0
World,OWID_WRL,1877,8823655,695209200,,,,0
World,OWID_WRL,1878,10040120,699609400,,,,0
World,OWID_WRL,1879,12659070,747135300,,,,0
World,OWID_WRL,1880,15363418,842692100,172,,,0
World,OWID_WRL,1881,17241738,870723000,208,,,0
World,OWID_WRL,1882,18938756,918784300,270,164880,,0
World,OWID_WRL,1883,16501141,980632000,348,381051,,0
World,OWID_WRL,1884,18321876,989935100,333,1172480,,0
World,OWID_WRL,1885,18958630,994470300,345,3715296,,0
World,OWID_WRL,1886,21823398,1003113860,374,7676080,,0
World,OWID_WRL,1887,23481388,1048458500,556,11787088,,0
World,OWID_WRL,1888,24580394,1159446900,541,16773792,,0
World,OWID_WRL,1889,28406698,1160882200,582,12226768,,0
World,OWID_WRL,1890,34650424,1260252000,665,11688053,,0
World,OWID_WRL,1891,40831020,1319136500,684,8947488,,0
World,OWID_WRL,1892,40206004,1331827300,728,7775008,,0
World,OWID_WRL,1893,42546228,1312680400,665,7287696,,0
World,OWID_WRL,1894,41700680,1363133700,695,6697850,,0
World,OWID_WRL,1895,48538404,1439657600,726,7042154,,0
World,OWID_WRL,1896,52570550,1485241600,791,6847964,,0
World,OWID_WRL,1897,55529950,1554674300,914,7287643,,0
World,OWID_WRL,1898,57171620,1640328100,1007,8460176,,0
World,OWID_WRL,1899,60030864,1792199200,1290,10904064,,0
World,OWID_WRL,1900,67308136,1882639600,1395,11541600,,0
World,OWID_WRL,1901,74749096,1936352400,1666,12860640,,0
World,OWID_WRL,1902,80806920,1980295300,2158,13696032,,0
World,OWID_WRL,1903,85565560,2161950200,2548,14527760,,0
World,OWID_WRL,1904,96080150,2174427400,2749,15165234,,1833750
World,OWID_WRL,1905,97019656,2320888800,3512,17169504,,1980450
World,OWID_WRL,1906,97888760,2425438200,4497,19027152,,2127150
World,OWID_WRL,1907,119423060,2758966000,4630,19877138,,2053800.1
World,OWID_WRL,1908,128792664,2635269400,115405,19675680,,1833750
World,OWID_WRL,1909,134372030,2740809500,115641,23522878,,2347200
World,OWID_WRL,1910,144106300,2871821800,135402,24915200,,2347200
World,OWID_WRL,1911,152829620,2909129000,148075,25717654,,2273850
World,OWID_WRL,1912,157180080,3058457900,176700,28315392,,2347200
World,OWID_WRL,1913,181979940,3302332000,202725,29597792,,2420550
World,OWID_WRL,1914,186021580,2971207700,146633,30136464,,2273850
World,OWID_WRL,1915,197576580,2908253400,160302,31865750,,2420550
World,OWID_WRL,1916,215209570,3135491600,181316,38376810,,2713950
World,OWID_WRL,1917,239378930,3265608200,148254,40509124,,2493900
World,OWID_WRL,1918,245027790,3215892700,119586,36519090,,2127150
World,OWID_WRL,1919,273412100,2720154000,124745,37948036,,2200500
World,OWID_WRL,1920,361040500,3132615200,148899,41685396,,2347200
World,OWID_WRL,1921,397272930,2672102400,129580.01,34992324,,1687050
World,OWID_WRL,1922,438310820,2773431300,192769,40106990,,2420550
World,OWID_WRL,1923,485537820,3149712000,207956,52526108,,2713950
World,OWID_WRL,1924,484191230,3155947000,216033,59708880,,2713950
World,OWID_WRL,1925,505528540,3153673200,14428664,63922430,,3080700
World,OWID_WRL,1926,506480580,3084034300,14740364,69144660,,3007350
World,OWID_WRL,1927,554161600,3364386600,15448016,76017144,,2934000
World,OWID_WRL,1928,567606200,3307565300,35583016,82623096,,2934000
World,OWID_WRL,1929,621714560,3523869200,36872740,102894296,,2860650
World,OWID_WRL,1930,599795400,3216241400,35561064,104224110,,2273850
World,OWID_WRL,1931,580520000,2833184800,30894292,92887496,,1833750
World,OWID_WRL,1932,556009540,2522348800,24694074,88218664,,1320300
World,OWID_WRL,1933,607608500,2638778400,23839036,90917200,,1540350
World,OWID_WRL,1934,643677100,2880431900,28514344,101950100,,1613700
World,OWID_WRL,1935,692010100,2998321700,32057656,111372520,,1980450
World,OWID_WRL,1936,753506700,3287664400,38736196,125529680,,2493900
World,OWID_WRL,1937,846686460,3465936000,40803908,140575360,,2713950
World,OWID_WRL,1938,822876860,3230526700,38521028,135494240,,2200500
World,OWID_WRL,1939,854564900,3435720700,35659388,141328960,,2860650
World,OWID_WRL,1940,901067100,3795421700,31430612,153516830,,3227400
World,OWID_WRL,1941,912406700,3885895400,43292988,153463230,,4034249.8
World,OWID_WRL,1942,863516000,3910548200,38376330,166048940,,4034249.8
World,OWID_WRL,1943,926609400,3926667300,34768880,182899900,,4327650
World,OWID_WRL,1944,1068819840,3869074200,22663946,197600830,,4327650
World,OWID_WRL,1945,1045859840,2999807700,22985654,216698420,,3960900
World,OWID_WRL,1946,1108509800,3235935000,36306132,223835120,,3960900
World,OWID_WRL,1947,1246563800,3623063300,43140790,247889780,,4547700
World,OWID_WRL,1948,1370651500,3740633000,51635060,280123900,,4841100
World,OWID_WRL,1949,1294041600,3547168000,58188836,300456030,,4180950.2
World,OWID_WRL,1950,1549885400,3881695000,66899612,353151420,73624420,4987800
World,OWID_WRL,1951,1718225700,4085878800,75765976,416181630,79875256,5501250
World,OWID_WRL,1952,1817347000,4031568400,80746260,447080600,85363810,5354550
World,OWID_WRL,1953,1936623100,4062390000,89545660,474523840,81348030,6454800
World,OWID_WRL,1954,2052919700,4054792700,97133670,501349730,77612020,5721300
World,OWID_WRL,1955,2298363000,4387063300,107435670,547229800,96835896,6968250
World,OWID_WRL,1956,2498143000,4608936000,116487600,587230700,108173770,7041600
World,OWID_WRL,1957,2611237600,4692078600,122451560,646669950,106385510,6821550
World,OWID_WRL,1958,2718585000,4761801700,129694030,705830700,95114850,6161400
World,OWID_WRL,1959,2897077200,4954151400,145244800,758233600,91693540,8288550.5
World,OWID_WRL,1960,3120795400,5157614600,157393820,834559170,89140216,27507190
World,OWID_WRL,1961,3310092000,4943317500,164145200,882050100,86218500,29218550
World,OWID_WRL,1962,3559352800,4927626000,176366770,967733250,85930790,30277030
World,OWID_WRL,1963,3804557600,5107100700,185984370,1046872300,90506184,31751382
World,OWID_WRL,1964,4105110300,5212510000,206155410,1152917600,112791870,34980452
World,OWID_WRL,1965,4410039000,5288551000,216437250,1230598900,130442810,34531960
World,OWID_WRL,1966,4759411000,5349521000,233016620,1339910400,144566080,36220904
World,OWID_WRL,1967,5075051500,5261415000,239891710,1433028900,190782930,37199624
World,OWID_WRL,1968,5528780300,5319156700,255286500,1559666000,203800260,38593136
World,OWID_WRL,1969,5979094500,5517706000,270615840,1708625900,244034830,41707812
World,OWID_WRL,1970,6799776300,5698193400,288252500,1790807300,277744900,44349864
World,OWID_WRL,1971,7201625600,5699531000,303109860,1933470200,321456580,44661416
World,OWID_WRL,1972,7765145000,5690899000,321340960,2052238300,346901200,48072316
World,OWID_WRL,1973,8223924700,5862566000,340284930,2204517400,402173000,51627084
World,OWID_WRL,1974,8105999400,5860910000,340749060,2259644400,391380580,52387676
World,OWID_WRL,1975,8037170000,6035416000,340039700,2256239900,336717440,47169148
World,OWID_WRL,1976,8539312600,6260573000,356223520,2387563000,395423580,50016744
World,OWID_WRL,1977,8839723000,6412998000,372886460,2441855000,381479680,49691840
World,OWID_WRL,1978,9156859000,6521982000,398050200,2551140900,390183800,51075800
World,OWID_WRL,1979,9273853000,6828803000,403866100,2689876500,360157920,52463876
World,OWID_WRL,1980,8949605000,7009021000,406269400,2758970600,316455840,48202376
World,OWID_WRL,1981,8548144600,6989387000,406282600,2795240000,237178850,46671830
World,OWID_WRL,1982,8342404000,7111624000,404279970,2732192000,235584210,45013324
World,OWID_WRL,1983,8257855500,7297980000,413445220,2761513000,212848030,48268590
World,OWID_WRL,1984,8325042000,7651011000,421227170,3011532300,186752800,52236188
World,OWID_WRL,1985,8323233300,8201961000,425773150,3122311200,182045300,56577908
World,OWID_WRL,1986,8572972500,8321163300,442333300,3046903600,170357820,61232548
World,OWID_WRL,1987,8644375000,8598430000,459055070,3308478700,163668980,76068010
World,OWID_WRL,1988,8962293000,8893930000,482905920,3467422200,186425000,92153740
World,OWID_WRL,1989,9118109000,8892311000,493234430,3641542100,151769280,89672824
World,OWID_WRL,1990,9244039000,8702585000,494369250,3806152400,258793970,223048860
World,OWID_WRL,1991,9703657000,8616416000,508292700,3868077600,274041120,215616200
World,OWID_WRL,1992,9208910000,8410125000,529372130,3921804500,241757680,216202530
World,OWID_WRL,1993,9217524000,8510979600,552207740,4025106000,233789170,216180860
World,OWID_WRL,1994,9250904000,8559984000,589438340,4061520100,314690780,216408620
World,OWID_WRL,1995,9336731000,8803751000,623496500,4218190800,326341980,223571490
World,OWID_WRL,1996,9619580000,9025065000,636372000,4404707000,350408830,222034060
World,OWID_WRL,1997,9764619000,8977650000,662360000,4420749000,352772580,223756130
World,OWID_WRL,1998,9883401000,8735663000,660074750,4467569000,336492800,220576060
World,OWID_WRL,1999,10135422000,8862773000,692680100,4613602300,329972930,219277140
World,OWID_WRL,2000,10270908000,9202369000,723999360,4749870600,347079100,216327600
World,OWID_WRL,2001,10348483000,9256887000,757357760,4794540000,335683780,213341680
World,OWID_WRL,2002,10332214000,9681149000,785214900,4937363000,324630560,216297310
World,OWID_WRL,2003,10603271000,10518779000,863573570,5118302700,344523330,221039870
World,OWID_WRL,2004,10998771000,10872461000,902594500,5284548600,342561820,231568770
World,OWID_WRL,2005,11105974000,11547437000,968292030,5402538500,347887870,242263360
World,OWID_WRL,2006,11221006000,12194091000,1055834700,5556997000,347504960,252961740
World,OWID_WRL,2007,11252844000,12784673000,1133996000,5760267000,343250180,259615170
World,OWID_WRL,2008,11202105000,13201743000,1148987900,5926721500,334722400,259918400
World,OWID_WRL,2009,10956533000,13045026000,1182037500,5783894500,330397570,244034160
World,OWID_WRL,2010,11323283000,13954141000,1263142900,6227937000,341241660,246157040
World,OWID_WRL,2011,11361404000,14737900000,1358844200,6412034600,359290500,275065280
World,OWID_WRL,2012,11494373000,14906988000,1394762900,6550136300,377063300,276697440
World,OWID_WRL,2013,11577865000,15001509000,1454628400,6587851300,385276740,294525950
World,OWID_WRL,2014,11606367000,15017948000,1502477300,6631221000,386699650,305381000
World,OWID_WRL,2015,11831668000,14667685000,1451156500,6766760400,384005000,303622850
World,OWID_WRL,2016,11962951000,14336130000,1490399200,6952650000,374030620,300495600
World,OWID_WRL,2017,12149412000,14513114000,1509492900,7127797000,387278880,302802530
World,OWID_WRL,2018,12249189000,14746245000,1554511500,7470226400,407098720,303155620
World,OWID_WRL,2019,12411967000,14694929000,1623120300,7633772000,435263230,305224960
World,OWID_WRL,2020,10960689000,14266885000,1638270500,7564561000,401057150,295063360
World,OWID_WRL,2021,11530972000,15134601000,1696308500,7922980000,405430700,301444160
World,OWID_WRL,2022,11909616000,15185965000,1601123600,7892689000,403012900,301430880
World,OWID_WRL,2023,12208835000,15401220000,1569345700,7900098000,410939550,301130750