{
  "chart": {
    "title": "CO₂ emissions by fuel or industry",
    "citation": "Global Carbon Budget (2024)",
    "originalChartUrl": "https://ourworldindata.org/grapher/co2-emissions-by-fuel-line?v=1&csvType=filtered&useColumnShortNames=false",
    "selection": [
      "World"
    ]
  },
  "columns": {
    "Annual CO₂ emissions from oil": {
      "titleShort": "Oil",
      "titleLong": "Oil",
      "descriptionShort": "Annual emissions of carbon dioxide (CO₂) from oil, measured in tonnes.",
      "descriptionKey": [
        "This data is based on territorial emissions, which do not account for emissions embedded in traded goods.",
        "Emissions from international aviation and shipping are not included in any country or region's emissions. They are only included in the global total emissions."
      ],
      "descriptionProcessing": "- Data on global emissions has been converted from tonnes of carbon to tonnes of carbon dioxide (CO₂) using a conversion factor of 3.664.\n- Emissions from the Kuwaiti oil fires in 1991 have been included as part of Kuwait's emissions for that year.\n- Country's share of the global population is calculated using our population dataset, based on [different sources](https://ourworldindata.org/population-sources).\n- Each country's share of global CO₂ emissions from flaring has been calculated using global CO₂ emissions from flaring provided in the Global Carbon Budget dataset.\n",
      "shortUnit": "t",
      "unit": "tonnes",
      "timespan": "1750-2023",
      "type": "Numeric",
      "owidVariableId": 998390,
      "shortName": "emissions_from_oil",
      "lastUpdated": "2024-11-21",
      "nextUpdate": "2025-11-21",
      "citationShort": "Global Carbon Budget (2024) – with major processing by Our World in Data",
      "citationLong": "Global Carbon Budget (2024) – with major processing by Our World in Data. “Oil – GCB” [dataset]. Global Carbon Project, “Global Carbon Budget” [original data].",
      "fullMetadata": "https://api.ourworldindata.org/v1/indicators/998390.metadata.json"
    },
    "Annual CO₂ emissions from coal": {
      "titleShort": "Coal",
      "titleLong": "Coal",
      "descriptionShort": "Annual emissions of carbon dioxide (CO₂) from coal, measured in tonnes.",
      "descriptionKey": [
        "This data is based on territorial emissions, which do not account for emissions embedded in traded goods.",
        "Emissions from international aviation and shipping are not included in any country or region's emissions. They are only included in the global total emissions."
      ],
      "descriptionProcessing": "- Data on global emissions has been converted from tonnes of carbon to tonnes of carbon dioxide (CO₂) using a conversion factor of 3.664.\n- Emissions from the Kuwaiti oil fires in 1991 have been included as part of Kuwait's emissions for that year.\n- Country's share of the global population is calculated using our population dataset, based on [different sources](https://ourworldindata.org/population-sources).\n- Each country's share of global CO₂ emissions from flaring has been calculated using global CO₂ emissions from flaring provided in the Global Carbon Budget dataset.\n",
      "shortUnit": "t",
      "unit": "tonnes",
      "timespan": "1750-2023",
      "type": "Numeric",
      "owidVariableId": 998379,
      "shortName": "emissions_from_coal",
      "lastUpdated": "2024-11-21",
      "nextUpdate": "2025-11-21",
      "citationShort": "Global Carbon Budget (2024) – with major processing by Our World in Data",
      "citationLong": "Global Carbon Budget (2024) – with major processing by Our World in Data. “Coal – GCB” [dataset]. Global Carbon Project, “Global Carbon Budget” [original data].",
      "fullMetadata": "https://api.ourworldindata.org/v1/indicators/998379.metadata.json"
    },
    "Annual CO₂ emissions from cement": {
      "titleShort": "Cement",
      "titleLong": "Cement",
      "descriptionShort": "Annual emissions of carbon dioxide (CO₂) from cement, measured in tonnes.",
      "descriptionKey": [
        "This data is based on territorial emissions, which do not account for emissions embedded in traded goods.",
        "Emissions from international aviation and shipping are not included in any country or region's emissions. They are only included in the global total emissions."
      ],
      "descriptionProcessing": "- Data on global emissions has been converted from tonnes of carbon to tonnes of carbon dioxide (CO₂) using a conversion factor of 3.664.\n- Emissions from the Kuwaiti oil fires in 1991 have been included as part of Kuwait's emissions for that year.\n- Country's share of the global population is calculated using our population dataset, based on [different sources](https://ourworldindata.org/population-sources).\n- Each country's share of global CO₂ emissions from flaring has been calculated using global CO₂ emissions from flaring provided in the Global Carbon Budget dataset.\n",
      "shortUnit": "t",
      "unit": "tonnes",
      "timespan": "1750-2023",
      "type": "Numeric",
      "owidVariableId": 998376,
      "shortName": "emissions_from_cement",
      "lastUpdated": "2024-11-21",
      "nextUpdate": "2025-11-21",
      "citationShort": "Global Carbon Budget (2024) – with major processing by Our World in Data",
      "citationLong": "Global Carbon Budget (2024) – with major processing by Our World in Data. “Cement – GCB” [dataset]. Global Carbon Project, “Global Carbon Budget” [original data].",
      "fullMetadata": "https://api.ourworldindata.org/v1/indicators/998376.metadata.json"
    },
    "Annual CO₂ emissions from gas": {
      "titleShort": "Gas",
      "titleLong": "Gas",
      "descriptionShort": "Annual emissions of carbon dioxide (CO₂) from gas, measured in tonnes.",
      "descriptionKey": [
        "This data is based on territorial emissions, which do not account for emissions embedded in traded goods.",
        "Emissions from international aviation and shipping are not included in any country or region's emissions. They are only included in the global total emissions."
      ],
      "descriptionProcessing": "- Data on global emissions has been converted from tonnes of carbon to tonnes of carbon dioxide (CO₂) using a conversion factor of 3.664.\n- Emissions from the Kuwaiti oil fires in 1991 have been included as part of Kuwait's emissions for that year.\n- Country's share of the global population is calculated using our population dataset, based on [different sources](https://ourworldindata.org/population-sources).\n- Each country's share of global CO₂ emissions from flaring has been calculated using global CO₂ emissions from flaring provided in the Global Carbon Budget dataset.\n",
      "shortUnit": "t",
      "unit": "tonnes",
      "timespan": "1750-2023",
      "type": "Numeric",
      "owidVariableId": 998385,
      "shortName": "emissions_from_gas",
      "lastUpdated": "2024-11-21",
      "nextUpdate": "2025-11-21",
      "citationShort": "Global Carbon Budget (2024) – with major processing by Our World in Data",
      "citationLong": "Global Carbon Budget (2024) – with major processing by Our World in Data. “Gas – GCB” [dataset]. Global Carbon Project, “Global Carbon Budget” [original data].",
      "fullMetadata": "https://api.ourworldindata.org/v1/indicators/998385.metadata.json"
    },
    "Annual CO₂ emissions from flaring": {
      "titleShort": "Flaring",
      "titleLong": "Flaring",
      "descriptionShort": "Annual emissions of carbon dioxide (CO₂) from flaring, measured in tonnes.",
      "descriptionKey": [
        "This data is based on territorial emissions, which do not account for emissions embedded in traded goods.",
        "Emissions from international aviation and shipping are not included in any country or region's emissions. They are only included in the global total emissions."
      ],
      "descriptionProcessing": "- Data on global emissions has been converted from tonnes of carbon to tonnes of carbon dioxide (CO₂) using a conversion factor of 3.664.\n- Emissions from the Kuwaiti oil fires in 1991 have been included as part of Kuwait's emissions for that year.\n- Country's share of the global population is calculated using our population dataset, based on [different sources](https://ourworldindata.org/population-sources).\n- Each country's share of global CO₂ emissions from flaring has been calculated using global CO₂ emissions from flaring provided in the Global Carbon Budget dataset.\n",
      "shortUnit": "t",
      "unit": "tonnes",
      "timespan": "1750-2023",
      "type": "Numeric",
      "owidVariableId": 998382,
      "shortName": "emissions_from_flaring",
      "lastUpdated": "2024-11-21",
      "nextUpdate": "2025-11-21",
      "citationShort": "Global Carbon Budget (2024) – with major processing by Our World in Data",
      "citationLong": "Global Carbon Budget (2024) – with major processing by Our World in Data. “Flaring – GCB” [dataset]. Global Carbon Project, “Global Carbon Budget” [original data].",
      "fullMetadata": "https://api.ourworldindata.org/v1/indicators/998382.metadata.json"
    },
    "Annual CO₂ emissions from other industry": {
      "titleShort": "Other industry",
      "titleLong": "Other industry",
      "descriptionShort": "Annual emissions of carbon dioxide (CO₂) from other industry sources, measured in tonnes.",
      "descriptionKey": [
        "This data is based on territorial emissions, which do not account for emissions embedded in traded goods.",
        "Emissions from international aviation and shipping are not included in any country or region's emissions. They are only included in the global total emissions."
      ],
      "descriptionProcessing": "- Data on global emissions has been converted from tonnes of carbon to tonnes of carbon dioxide (CO₂) using a conversion factor of 3.664.\n- Emissions from the Kuwaiti oil fires in 1991 have been included as part of Kuwait's emissions for that year.\n- Country's share of the global population is calculated using our population dataset, based on [different sources](https://ourworldindata.org/population-sources).\n- Each country's share of global CO₂ emissions from flaring has been calculated using global CO₂ emissions from flaring provided in the Global Carbon Budget dataset.\n",
      "shortUnit": "t",
      "unit": "tonnes",
      "timespan": "1750-2023",
      "type": "Numeric",
      "owidVariableId": 998394,
      "shortName": "emissions_from_other_industry",
      "lastUpdated": "2024-11-21",
      "nextUpdate": "2025-11-21",
      "citationShort": "Global Carbon Budget (2024) – with major processing by Our World in Data",
      "citationLong": "Global Carbon Budget (2024) – with major processing by Our World in Data. “Other industry – GCB” [dataset]. Global Carbon Project, “Global Carbon Budget” [original data].",
      "fullMetadata": "https://api.ourworldindata.org/v1/indicators/998394.metadata.json"
    }
  },
  "dateDownloaded": "2025-04-21",
  "activeFilters": {}
}