{
  "chart": {
    "title": "Annual CO₂ emissions from gas",
    "citation": "Global Carbon Budget (2024)",
    "originalChartUrl": "https://ourworldindata.org/grapher/annual-co2-gas?tab=chart&v=1&csvType=filtered&useColumnShortNames=false",
    "selection": [
      "Germany",
      "United States",
      "United Kingdom",
      "Canada",
      "European Union (27)",
      "India",
      "Indonesia",
      "South Africa",
      "Russia"
    ]
  },
  "columns": {
    "Annual CO₂ emissions from gas": {
      "titleShort": "Annual CO₂ emissions from gas",
      "titleLong": "Annual CO₂ emissions from gas",
      "descriptionShort": "Annual emissions of carbon dioxide (CO₂) from gas, measured in tonnes.",
      "descriptionKey": [
        "This data is based on territorial emissions, which do not account for emissions embedded in traded goods.",
        "Emissions from international aviation and shipping are not included in any country or region's emissions. They are only included in the global total emissions."
      ],
      "descriptionProcessing": "- Data on global emissions has been converted from tonnes of carbon to tonnes of carbon dioxide (CO₂) using a conversion factor of 3.664.\n- Emissions from the Kuwaiti oil fires in 1991 have been included as part of Kuwait's emissions for that year.\n- Country's share of the global population is calculated using our population dataset, based on [different sources](https://ourworldindata.org/population-sources).\n- Each country's share of global CO₂ emissions from flaring has been calculated using global CO₂ emissions from flaring provided in the Global Carbon Budget dataset.\n",
      "shortUnit": "t",
      "unit": "tonnes",
      "timespan": "1750-2023",
      "type": "Numeric",
      "owidVariableId": 998385,
      "shortName": "emissions_from_gas",
      "lastUpdated": "2024-11-21",
      "nextUpdate": "2025-11-21",
      "citationShort": "Global Carbon Budget (2024) – with major processing by Our World in Data",
      "citationLong": "Global Carbon Budget (2024) – with major processing by Our World in Data. “Annual CO₂ emissions from gas – GCB” [dataset]. Global Carbon Project, “Global Carbon Budget” [original data].",
      "fullMetadata": "https://api.ourworldindata.org/v1/indicators/998385.metadata.json"
    }
  },
  "dateDownloaded": "2025-04-21",
  "activeFilters": {
    "tab": "chart"
  }
}