Entity,Code,Year,Annual CO₂ emissions from gas
Canada,CAN,1785,0
Canada,CAN,1786,0
Canada,CAN,1787,0
Canada,CAN,1788,0
Canada,CAN,1789,0
Canada,CAN,1790,0
Canada,CAN,1791,0
Canada,CAN,1792,0
Canada,CAN,1793,0
Canada,CAN,1794,0
Canada,CAN,1795,0
Canada,CAN,1796,0
Canada,CAN,1797,0
Canada,CAN,1798,0
Canada,CAN,1799,0
Canada,CAN,1800,0
Canada,CAN,1801,0
Canada,CAN,1802,0
Canada,CAN,1803,0
Canada,CAN,1804,0
Canada,CAN,1805,0
Canada,CAN,1806,0
Canada,CAN,1807,0
Canada,CAN,1808,0
Canada,CAN,1809,0
Canada,CAN,1810,0
Canada,CAN,1811,0
Canada,CAN,1812,0
Canada,CAN,1813,0
Canada,CAN,1814,0
Canada,CAN,1815,0
Canada,CAN,1816,0
Canada,CAN,1817,0
Canada,CAN,1818,0
Canada,CAN,1819,0
Canada,CAN,1820,0
Canada,CAN,1821,0
Canada,CAN,1822,0
Canada,CAN,1823,0
Canada,CAN,1824,0
Canada,CAN,1825,0
Canada,CAN,1826,0
Canada,CAN,1827,0
Canada,CAN,1828,0
Canada,CAN,1829,0
Canada,CAN,1830,0
Canada,CAN,1831,0
Canada,CAN,1832,0
Canada,CAN,1833,0
Canada,CAN,1834,0
Canada,CAN,1835,0
Canada,CAN,1836,0
Canada,CAN,1837,0
Canada,CAN,1838,0
Canada,CAN,1839,0
Canada,CAN,1840,0
Canada,CAN,1841,0
Canada,CAN,1842,0
Canada,CAN,1843,0
Canada,CAN,1844,0
Canada,CAN,1845,0
Canada,CAN,1846,0
Canada,CAN,1847,0
Canada,CAN,1848,0
Canada,CAN,1849,0
Canada,CAN,1850,0
Canada,CAN,1851,0
Canada,CAN,1852,0
Canada,CAN,1853,0
Canada,CAN,1854,0
Canada,CAN,1855,0
Canada,CAN,1856,0
Canada,CAN,1857,0
Canada,CAN,1858,0
Canada,CAN,1859,0
Canada,CAN,1860,0
Canada,CAN,1861,0
Canada,CAN,1862,0
Canada,CAN,1863,0
Canada,CAN,1864,0
Canada,CAN,1865,0
Canada,CAN,1866,0
Canada,CAN,1867,0
Canada,CAN,1868,0
Canada,CAN,1869,0
Canada,CAN,1870,0
Canada,CAN,1871,0
Canada,CAN,1872,0
Canada,CAN,1873,0
Canada,CAN,1874,0
Canada,CAN,1875,0
Canada,CAN,1876,0
Canada,CAN,1877,0
Canada,CAN,1878,0
Canada,CAN,1879,0
Canada,CAN,1880,0
Canada,CAN,1881,0
Canada,CAN,1882,0
Canada,CAN,1883,0
Canada,CAN,1884,0
Canada,CAN,1885,0
Canada,CAN,1886,0
Canada,CAN,1887,0
Canada,CAN,1888,0
Canada,CAN,1889,0
Canada,CAN,1890,0
Canada,CAN,1891,0
Canada,CAN,1892,0
Canada,CAN,1893,0
Canada,CAN,1894,0
Canada,CAN,1895,0
Canada,CAN,1896,0
Canada,CAN,1897,0
Canada,CAN,1898,0
Canada,CAN,1899,0
Canada,CAN,1900,0
Canada,CAN,1901,0
Canada,CAN,1902,0
Canada,CAN,1903,0
Canada,CAN,1904,0
Canada,CAN,1905,0
Canada,CAN,1906,0
Canada,CAN,1907,0
Canada,CAN,1908,0
Canada,CAN,1909,0
Canada,CAN,1910,0
Canada,CAN,1911,615589
Canada,CAN,1912,809744
Canada,CAN,1913,1084544
Canada,CAN,1914,1146893
Canada,CAN,1915,1066160
Canada,CAN,1916,1348417
Canada,CAN,1917,1450882
Canada,CAN,1918,1066224
Canada,CAN,1919,1055232
Canada,CAN,1920,890391
Canada,CAN,1921,747456
Canada,CAN,1922,776809
Canada,CAN,1923,846384
Canada,CAN,1924,787760
Canada,CAN,1925,894060
Canada,CAN,1926,1018592
Canada,CAN,1927,1132131
Canada,CAN,1928,1194464
Canada,CAN,1929,1502184
Canada,CAN,1930,1557140
Canada,CAN,1931,1370336
Canada,CAN,1932,1238497
Canada,CAN,1933,1223776
Canada,CAN,1934,1227496
Canada,CAN,1935,1319040
Canada,CAN,1936,1487584
Canada,CAN,1937,1714752
Canada,CAN,1938,1769712
Canada,CAN,1939,1861384
Canada,CAN,1940,2183818
Canada,CAN,1941,2304656
Canada,CAN,1942,2418308
Canada,CAN,1943,2344898
Canada,CAN,1944,2385326
Canada,CAN,1945,2564800
Canada,CAN,1946,2535421
Canada,CAN,1947,2788304
Canada,CAN,1948,3074167
Canada,CAN,1949,3202255
Canada,CAN,1950,3554164
Canada,CAN,1951,4081604
Canada,CAN,1952,4275888
Canada,CAN,1953,4810722
Canada,CAN,1954,5946672
Canada,CAN,1955,7437920
Canada,CAN,1956,8540784
Canada,CAN,1957,10863760
Canada,CAN,1958,13428560
Canada,CAN,1959,17305072
Canada,CAN,1960,21536992
Canada,CAN,1961,22965952
Canada,CAN,1962,25977760
Canada,CAN,1963,22365056
Canada,CAN,1964,34159470
Canada,CAN,1965,38035984
Canada,CAN,1966,42421790
Canada,CAN,1967,45063536
Canada,CAN,1968,55524924
Canada,CAN,1969,58297904
Canada,CAN,1970,62625090
Canada,CAN,1971,67468900
Canada,CAN,1972,76485260
Canada,CAN,1973,81868420
Canada,CAN,1974,83516430
Canada,CAN,1975,85914270
Canada,CAN,1976,98928000
Canada,CAN,1977,101954460
Canada,CAN,1978,104551310
Canada,CAN,1979,112572740
Canada,CAN,1980,112040530
Canada,CAN,1981,110026260
Canada,CAN,1982,110325730
Canada,CAN,1983,114031010
Canada,CAN,1984,121230770
Canada,CAN,1985,125224530
Canada,CAN,1986,115782400
Canada,CAN,1987,119120300
Canada,CAN,1988,127203090
Canada,CAN,1989,138422260
Canada,CAN,1990,125716240
Canada,CAN,1991,125376570
Canada,CAN,1992,132661830
Canada,CAN,1993,137762670
Canada,CAN,1994,140977970
Canada,CAN,1995,148261220
Canada,CAN,1996,155033490
Canada,CAN,1997,153691310
Canada,CAN,1998,150443660
Canada,CAN,1999,162930240
Canada,CAN,2000,173423040
Canada,CAN,2001,165500290
Canada,CAN,2002,171754740
Canada,CAN,2003,174245250
Canada,CAN,2004,170262460
Canada,CAN,2005,169200370
Canada,CAN,2006,168452320
Canada,CAN,2007,180770420
Canada,CAN,2008,181200060
Canada,CAN,2009,174223170
Canada,CAN,2010,178268480
Canada,CAN,2011,193975940
Canada,CAN,2012,197213420
Canada,CAN,2013,204249760
Canada,CAN,2014,211464910
Canada,CAN,2015,213612450
Canada,CAN,2016,210439150
Canada,CAN,2017,216781440
Canada,CAN,2018,231730800
Canada,CAN,2019,234935410
Canada,CAN,2020,224904670
Canada,CAN,2021,230941660
Canada,CAN,2022,239740960
Canada,CAN,2023,237269170
European Union (27),,1792,0
European Union (27),,1793,0
European Union (27),,1794,0
European Union (27),,1795,0
European Union (27),,1796,0
European Union (27),,1797,0
European Union (27),,1798,0
European Union (27),,1799,0
European Union (27),,1800,0
European Union (27),,1801,0
European Union (27),,1802,0
European Union (27),,1803,0
European Union (27),,1804,0
European Union (27),,1805,0
European Union (27),,1806,0
European Union (27),,1807,0
European Union (27),,1808,0
European Union (27),,1809,0
European Union (27),,1810,0
European Union (27),,1811,0
European Union (27),,1812,0
European Union (27),,1813,0
European Union (27),,1814,0
European Union (27),,1815,0
European Union (27),,1816,0
European Union (27),,1817,0
European Union (27),,1818,0
European Union (27),,1819,0
European Union (27),,1820,0
European Union (27),,1821,0
European Union (27),,1822,0
European Union (27),,1823,0
European Union (27),,1824,0
European Union (27),,1825,0
European Union (27),,1826,0
European Union (27),,1827,0
European Union (27),,1828,0
European Union (27),,1829,0
European Union (27),,1830,0
European Union (27),,1831,0
European Union (27),,1832,0
European Union (27),,1833,0
European Union (27),,1834,0
European Union (27),,1835,0
European Union (27),,1836,0
European Union (27),,1837,0
European Union (27),,1838,0
European Union (27),,1839,0
European Union (27),,1840,0
European Union (27),,1841,0
European Union (27),,1842,0
European Union (27),,1843,0
European Union (27),,1844,0
European Union (27),,1845,0
European Union (27),,1846,0
European Union (27),,1847,0
European Union (27),,1848,0
European Union (27),,1849,0
European Union (27),,1850,0
European Union (27),,1851,0
European Union (27),,1852,0
European Union (27),,1853,0
European Union (27),,1854,0
European Union (27),,1855,0
European Union (27),,1856,0
European Union (27),,1857,0
European Union (27),,1858,0
European Union (27),,1859,0
European Union (27),,1860,0
European Union (27),,1861,0
European Union (27),,1862,0
European Union (27),,1863,0
European Union (27),,1864,0
European Union (27),,1865,0
European Union (27),,1866,0
European Union (27),,1867,0
European Union (27),,1868,0
European Union (27),,1869,0
European Union (27),,1870,0
European Union (27),,1871,0
European Union (27),,1872,0
European Union (27),,1873,0
European Union (27),,1874,0
European Union (27),,1875,0
European Union (27),,1876,0
European Union (27),,1877,0
European Union (27),,1878,0
European Union (27),,1879,0
European Union (27),,1880,0
European Union (27),,1881,0
European Union (27),,1882,0
European Union (27),,1883,0
European Union (27),,1884,0
European Union (27),,1885,0
European Union (27),,1886,0
European Union (27),,1887,0
European Union (27),,1888,0
European Union (27),,1889,0
European Union (27),,1890,0
European Union (27),,1891,0
European Union (27),,1892,0
European Union (27),,1893,0
European Union (27),,1894,0
European Union (27),,1895,0
European Union (27),,1896,0
European Union (27),,1897,0
European Union (27),,1898,0
European Union (27),,1899,0
European Union (27),,1900,0
European Union (27),,1901,0
European Union (27),,1902,3664
European Union (27),,1903,3664
European Union (27),,1904,3665
European Union (27),,1905,3664
European Union (27),,1906,10992
European Union (27),,1907,10992
European Union (27),,1908,10992
European Union (27),,1909,14654
European Union (27),,1910,14656
European Union (27),,1911,14656
European Union (27),,1912,10992
European Union (27),,1913,54960
European Union (27),,1914,40304
European Union (27),,1915,47632
European Union (27),,1916,150222
European Union (27),,1917,106256
European Union (27),,1918,117250
European Union (27),,1919,329747
European Union (27),,1920,978315
European Union (27),,1921,989878
European Union (27),,1922,1070447
European Union (27),,1923,1066342
European Union (27),,1924,1267708
European Union (27),,1925,1419776
European Union (27),,1926,1417805
European Union (27),,1927,1594230
European Union (27),,1928,1749668
European Union (27),,1929,2119890
European Union (27),,1930,3158051
European Union (27),,1931,3494904
European Union (27),,1932,3615562
European Union (27),,1933,3716175
European Union (27),,1934,4331002
European Union (27),,1935,4369452
European Union (27),,1936,4955858
European Union (27),,1937,4728746
European Union (27),,1938,4554465
European Union (27),,1939,4009030
European Union (27),,1940,3606848
European Union (27),,1941,3205895
European Union (27),,1942,3704296
European Union (27),,1943,3180329
European Union (27),,1944,2513768
European Union (27),,1945,3584226
European Union (27),,1946,3835843
European Union (27),,1947,3969426
European Union (27),,1948,6983666
European Union (27),,1949,11427901
European Union (27),,1950,10107663
European Union (27),,1951,11963509
European Union (27),,1952,14289224
European Union (27),,1953,18305850
European Union (27),,1954,20557684
European Union (27),,1955,23681728
European Union (27),,1956,27213424
European Union (27),,1957,32116060
European Union (27),,1958,36163544
European Union (27),,1959,42909344
European Union (27),,1960,50374416
European Union (27),,1961,56545970
European Union (27),,1962,63431970
European Union (27),,1963,67432056
European Union (27),,1964,74431300
European Union (27),,1965,82384830
European Union (27),,1966,93774880
European Union (27),,1967,110617680
European Union (27),,1968,136334370
European Union (27),,1969,160607330
European Union (27),,1970,197682530
European Union (27),,1971,235650080
European Union (27),,1972,277949020
European Union (27),,1973,316620130
European Union (27),,1974,357659870
European Union (27),,1975,386546800
European Union (27),,1976,421723170
European Union (27),,1977,429360420
European Union (27),,1978,451798500
European Union (27),,1979,474990050
European Union (27),,1980,482163520
European Union (27),,1981,480867620
European Union (27),,1982,456368480
European Union (27),,1983,470161730
European Union (27),,1984,481961000
European Union (27),,1985,491211520
European Union (27),,1986,475134720
European Union (27),,1987,496611230
European Union (27),,1988,497574400
European Union (27),,1989,549069500
European Union (27),,1990,579558200
European Union (27),,1991,596867300
European Union (27),,1992,576253800
European Union (27),,1993,583656800
European Union (27),,1994,583920830
European Union (27),,1995,626636740
European Union (27),,1996,678886700
European Union (27),,1997,665527800
European Union (27),,1998,682202300
European Union (27),,1999,703929800
European Union (27),,2000,721740540
European Union (27),,2001,745959550
European Union (27),,2002,752084200
European Union (27),,2003,792161400
European Union (27),,2004,809360700
European Union (27),,2005,832904060
European Union (27),,2006,833942600
European Union (27),,2007,823851800
European Union (27),,2008,849872100
European Union (27),,2009,795139650
European Union (27),,2010,857892900
European Union (27),,2011,794187140
European Union (27),,2012,775033300
European Union (27),,2013,754292540
European Union (27),,2014,671723900
European Union (27),,2015,702430400
European Union (27),,2016,743068800
European Union (27),,2017,772065900
European Union (27),,2018,756888000
European Union (27),,2019,777561800
European Union (27),,2020,758044900
European Union (27),,2021,794000260
European Union (27),,2022,704303700
European Union (27),,2023,652348900
Germany,DEU,1792,0
Germany,DEU,1793,0
Germany,DEU,1794,0
Germany,DEU,1795,0
Germany,DEU,1796,0
Germany,DEU,1797,0
Germany,DEU,1798,0
Germany,DEU,1799,0
Germany,DEU,1800,0
Germany,DEU,1801,0
Germany,DEU,1802,0
Germany,DEU,1803,0
Germany,DEU,1804,0
Germany,DEU,1805,0
Germany,DEU,1806,0
Germany,DEU,1807,0
Germany,DEU,1808,0
Germany,DEU,1809,0
Germany,DEU,1810,0
Germany,DEU,1811,0
Germany,DEU,1812,0
Germany,DEU,1813,0
Germany,DEU,1814,0
Germany,DEU,1815,0
Germany,DEU,1816,0
Germany,DEU,1817,0
Germany,DEU,1818,0
Germany,DEU,1819,0
Germany,DEU,1820,0
Germany,DEU,1821,0
Germany,DEU,1822,0
Germany,DEU,1823,0
Germany,DEU,1824,0
Germany,DEU,1825,0
Germany,DEU,1826,0
Germany,DEU,1827,0
Germany,DEU,1828,0
Germany,DEU,1829,0
Germany,DEU,1830,0
Germany,DEU,1831,0
Germany,DEU,1832,0
Germany,DEU,1833,0
Germany,DEU,1834,0
Germany,DEU,1835,0
Germany,DEU,1836,0
Germany,DEU,1837,0
Germany,DEU,1838,0
Germany,DEU,1839,0
Germany,DEU,1840,0
Germany,DEU,1841,0
Germany,DEU,1842,0
Germany,DEU,1843,0
Germany,DEU,1844,0
Germany,DEU,1845,0
Germany,DEU,1846,0
Germany,DEU,1847,0
Germany,DEU,1848,0
Germany,DEU,1849,0
Germany,DEU,1850,0
Germany,DEU,1851,0
Germany,DEU,1852,0
Germany,DEU,1853,0
Germany,DEU,1854,0
Germany,DEU,1855,0
Germany,DEU,1856,0
Germany,DEU,1857,0
Germany,DEU,1858,0
Germany,DEU,1859,0
Germany,DEU,1860,0
Germany,DEU,1861,0
Germany,DEU,1862,0
Germany,DEU,1863,0
Germany,DEU,1864,0
Germany,DEU,1865,0
Germany,DEU,1866,0
Germany,DEU,1867,0
Germany,DEU,1868,0
Germany,DEU,1869,0
Germany,DEU,1870,0
Germany,DEU,1871,0
Germany,DEU,1872,0
Germany,DEU,1873,0
Germany,DEU,1874,0
Germany,DEU,1875,0
Germany,DEU,1876,0
Germany,DEU,1877,0
Germany,DEU,1878,0
Germany,DEU,1879,0
Germany,DEU,1880,0
Germany,DEU,1881,0
Germany,DEU,1882,0
Germany,DEU,1883,0
Germany,DEU,1884,0
Germany,DEU,1885,0
Germany,DEU,1886,0
Germany,DEU,1887,0
Germany,DEU,1888,0
Germany,DEU,1889,0
Germany,DEU,1890,0
Germany,DEU,1891,0
Germany,DEU,1892,0
Germany,DEU,1893,0
Germany,DEU,1894,0
Germany,DEU,1895,0
Germany,DEU,1896,0
Germany,DEU,1897,0
Germany,DEU,1898,0
Germany,DEU,1899,0
Germany,DEU,1900,0
Germany,DEU,1901,0
Germany,DEU,1902,0
Germany,DEU,1903,0
Germany,DEU,1904,0
Germany,DEU,1905,0
Germany,DEU,1906,0
Germany,DEU,1907,0
Germany,DEU,1908,0
Germany,DEU,1909,0
Germany,DEU,1910,0
Germany,DEU,1911,0
Germany,DEU,1912,0
Germany,DEU,1913,0
Germany,DEU,1914,0
Germany,DEU,1915,0
Germany,DEU,1916,0
Germany,DEU,1917,0
Germany,DEU,1918,0
Germany,DEU,1919,0
Germany,DEU,1920,0
Germany,DEU,1921,0
Germany,DEU,1922,0
Germany,DEU,1923,0
Germany,DEU,1924,0
Germany,DEU,1925,0
Germany,DEU,1926,0
Germany,DEU,1927,0
Germany,DEU,1928,0
Germany,DEU,1929,0
Germany,DEU,1930,0
Germany,DEU,1931,0
Germany,DEU,1932,0
Germany,DEU,1933,0
Germany,DEU,1934,21984
Germany,DEU,1935,25648
Germany,DEU,1936,43968
Germany,DEU,1937,40304
Germany,DEU,1938,32976
Germany,DEU,1939,58624
Germany,DEU,1940,29312
Germany,DEU,1941,25648
Germany,DEU,1942,25648
Germany,DEU,1943,18320
Germany,DEU,1944,131904
Germany,DEU,1945,135568
Germany,DEU,1946,164880
Germany,DEU,1947,117248
Germany,DEU,1948,102592
Germany,DEU,1949,80608
Germany,DEU,1950,43968
Germany,DEU,1951,54961
Germany,DEU,1952,98927
Germany,DEU,1953,227169
Germany,DEU,1954,362736
Germany,DEU,1955,729140
Germany,DEU,1956,1058901
Germany,DEU,1957,1051563
Germany,DEU,1958,1036917
Germany,DEU,1959,1187142
Germany,DEU,1960,1348358
Germany,DEU,1961,1480250
Germany,DEU,1962,1967560
Germany,DEU,1963,2561136
Germany,DEU,1964,3825230
Germany,DEU,1965,5536304
Germany,DEU,1966,6679498
Germany,DEU,1967,8775280
Germany,DEU,1968,14465526
Germany,DEU,1969,20620992
Germany,DEU,1970,29766336
Germany,DEU,1971,40182944
Germany,DEU,1972,52651496
Germany,DEU,1973,67751020
Germany,DEU,1974,84495220
Germany,DEU,1975,88811700
Germany,DEU,1976,93634140
Germany,DEU,1977,98048984
Germany,DEU,1978,105270744
Germany,DEU,1979,114720216
Germany,DEU,1980,115452640
Germany,DEU,1981,110000610
Germany,DEU,1982,102016750
Germany,DEU,1983,106021120
Germany,DEU,1984,108531340
Germany,DEU,1985,108531720
Germany,DEU,1986,100550810
Germany,DEU,1987,109546664
Germany,DEU,1988,107637330
Germany,DEU,1989,121908610
Germany,DEU,1990,122281416
Germany,DEU,1991,130146120
Germany,DEU,1992,129299790
Germany,DEU,1993,136251980
Germany,DEU,1994,142149890
Germany,DEU,1995,152970460
Germany,DEU,1996,169956320
Germany,DEU,1997,162876430
Germany,DEU,1998,165377090
Germany,DEU,1999,165627090
Germany,DEU,2000,166420500
Germany,DEU,2001,173799380
Germany,DEU,2002,173609550
Germany,DEU,2003,176586990
Germany,DEU,2004,174326960
Germany,DEU,2005,175903920
Germany,DEU,2006,180197180
Germany,DEU,2007,173851470
Germany,DEU,2008,180994940
Germany,DEU,2009,168399470
Germany,DEU,2010,184874770
Germany,DEU,2011,169398850
Germany,DEU,2012,167836830
Germany,DEU,2013,170266740
Germany,DEU,2014,151986000
Germany,DEU,2015,157109730
Germany,DEU,2016,169169460
Germany,DEU,2017,172045490
Germany,DEU,2018,169760300
Germany,DEU,2019,172762180
Germany,DEU,2020,170963410
Germany,DEU,2021,181115780
Germany,DEU,2022,160775700
Germany,DEU,2023,155461220
India,IND,1858,0
India,IND,1859,0
India,IND,1860,0
India,IND,1861,0
India,IND,1862,0
India,IND,1863,0
India,IND,1864,0
India,IND,1865,0
India,IND,1866,0
India,IND,1878,0
India,IND,1879,0
India,IND,1880,0
India,IND,1881,0
India,IND,1882,0
India,IND,1883,0
India,IND,1884,0
India,IND,1885,0
India,IND,1886,0
India,IND,1887,0
India,IND,1888,0
India,IND,1889,0
India,IND,1890,0
India,IND,1891,0
India,IND,1892,0
India,IND,1893,0
India,IND,1894,0
India,IND,1895,0
India,IND,1896,0
India,IND,1897,0
India,IND,1898,0
India,IND,1899,0
India,IND,1900,0
India,IND,1901,0
India,IND,1902,0
India,IND,1903,0
India,IND,1904,0
India,IND,1905,0
India,IND,1906,0
India,IND,1907,0
India,IND,1908,0
India,IND,1909,0
India,IND,1910,0
India,IND,1911,0
India,IND,1912,0
India,IND,1913,0
India,IND,1914,0
India,IND,1915,0
India,IND,1916,0
India,IND,1917,0
India,IND,1918,0
India,IND,1919,0
India,IND,1920,0
India,IND,1921,0
India,IND,1922,0
India,IND,1923,0
India,IND,1924,0
India,IND,1925,0
India,IND,1926,0
India,IND,1927,0
India,IND,1928,0
India,IND,1929,0
India,IND,1930,0
India,IND,1931,0
India,IND,1932,0
India,IND,1933,0
India,IND,1934,0
India,IND,1935,0
India,IND,1936,0
India,IND,1937,0
India,IND,1938,0
India,IND,1939,0
India,IND,1940,0
India,IND,1941,0
India,IND,1942,0
India,IND,1943,0
India,IND,1944,0
India,IND,1945,0
India,IND,1946,0
India,IND,1947,0
India,IND,1948,0
India,IND,1949,0
India,IND,1961,3664
India,IND,1962,10992
India,IND,1963,10992
India,IND,1964,21985
India,IND,1965,282134
India,IND,1966,311440
India,IND,1967,487312
India,IND,1968,751120
India,IND,1969,996627
India,IND,1970,923328
India,IND,1971,1084525
India,IND,1972,1205476
India,IND,1973,1168816
India,IND,1974,1359344
India,IND,1975,1733097
India,IND,1976,2293664
India,IND,1977,2480528
India,IND,1978,2740672
India,IND,1979,3030128
India,IND,1980,2487856
India,IND,1981,2883568
India,IND,1982,4360160
India,IND,1983,5243184
India,IND,1984,6170118
India,IND,1985,7199698
India,IND,1986,10310496
India,IND,1987,12776272
India,IND,1988,15205600
India,IND,1989,18517738
India,IND,1990,21097188
India,IND,1991,23563184
India,IND,1992,27256496
India,IND,1993,26996352
India,IND,1994,28996896
India,IND,1995,39050736
India,IND,1996,39746908
India,IND,1997,46023504
India,IND,1998,47595360
India,IND,1999,52618704
India,IND,2000,52790910
India,IND,2001,53128184
India,IND,2002,57609070
India,IND,2003,58565376
India,IND,2004,58316036
India,IND,2005,59356800
India,IND,2006,82579624
India,IND,2007,87956130
India,IND,2008,90276580
India,IND,2009,112463100
India,IND,2010,134121150
India,IND,2011,136260240
India,IND,2012,125604800
India,IND,2013,110689224
India,IND,2014,109467496
India,IND,2015,106870630
India,IND,2016,113622460
India,IND,2017,118922010
India,IND,2018,126201224
India,IND,2019,128675990
India,IND,2020,127994030
India,IND,2021,133191864
India,IND,2022,124008700
India,IND,2023,132419580
Indonesia,IDN,1889,0
Indonesia,IDN,1890,0
Indonesia,IDN,1891,0
Indonesia,IDN,1892,0
Indonesia,IDN,1893,0
Indonesia,IDN,1894,0
Indonesia,IDN,1895,0
Indonesia,IDN,1896,0
Indonesia,IDN,1897,0
Indonesia,IDN,1898,0
Indonesia,IDN,1899,0
Indonesia,IDN,1900,0
Indonesia,IDN,1901,0
Indonesia,IDN,1902,0
Indonesia,IDN,1903,0
Indonesia,IDN,1904,0
Indonesia,IDN,1905,0
Indonesia,IDN,1906,0
Indonesia,IDN,1907,0
Indonesia,IDN,1908,0
Indonesia,IDN,1909,0
Indonesia,IDN,1910,0
Indonesia,IDN,1911,0
Indonesia,IDN,1912,0
Indonesia,IDN,1913,0
Indonesia,IDN,1914,0
Indonesia,IDN,1915,0
Indonesia,IDN,1916,0
Indonesia,IDN,1917,0
Indonesia,IDN,1918,0
Indonesia,IDN,1919,0
Indonesia,IDN,1920,0
Indonesia,IDN,1921,142836
Indonesia,IDN,1922,150224
Indonesia,IDN,1923,333297
Indonesia,IDN,1924,421360
Indonesia,IDN,1925,611888
Indonesia,IDN,1926,553264
Indonesia,IDN,1927,531280
Indonesia,IDN,1928,714304
Indonesia,IDN,1929,798752
Indonesia,IDN,1930,802579
Indonesia,IDN,1931,1256480
Indonesia,IDN,1932,1315376
Indonesia,IDN,1933,1513232
Indonesia,IDN,1934,1612467
Indonesia,IDN,1935,1630779
Indonesia,IDN,1936,1557200
Indonesia,IDN,1937,1696432
Indonesia,IDN,1938,1828336
Indonesia,IDN,1939,1879396
Indonesia,IDN,1940,1945584
Indonesia,IDN,1941,0
Indonesia,IDN,1942,0
Indonesia,IDN,1943,0
Indonesia,IDN,1944,0
Indonesia,IDN,1945,0
Indonesia,IDN,1946,0
Indonesia,IDN,1947,47632
Indonesia,IDN,1948,707152
Indonesia,IDN,1949,1135840
Indonesia,IDN,1950,1191244
Indonesia,IDN,1951,1505904
Indonesia,IDN,1952,2051249
Indonesia,IDN,1953,2624159
Indonesia,IDN,1954,3037456
Indonesia,IDN,1955,3664000
Indonesia,IDN,1956,3924144
Indonesia,IDN,1957,4161624
Indonesia,IDN,1958,4005413
Indonesia,IDN,1959,4279552
Indonesia,IDN,1960,4667136
Indonesia,IDN,1961,4928080
Indonesia,IDN,1962,5191888
Indonesia,IDN,1963,5371424
Indonesia,IDN,1964,5243184
Indonesia,IDN,1965,6056592
Indonesia,IDN,1966,6071248
Indonesia,IDN,1967,6122544
Indonesia,IDN,1968,6309408
Indonesia,IDN,1969,4998245
Indonesia,IDN,1970,2300992
Indonesia,IDN,1971,2711360
Indonesia,IDN,1972,1996880
Indonesia,IDN,1973,3143712
Indonesia,IDN,1974,3271952
Indonesia,IDN,1975,5107616
Indonesia,IDN,1976,5642895
Indonesia,IDN,1977,6624512
Indonesia,IDN,1978,7870272
Indonesia,IDN,1979,7382675
Indonesia,IDN,1980,12164480
Indonesia,IDN,1981,13399248
Indonesia,IDN,1982,15517040
Indonesia,IDN,1983,13648877
Indonesia,IDN,1984,24387584
Indonesia,IDN,1985,27073296
Indonesia,IDN,1986,22867024
Indonesia,IDN,1987,27011810
Indonesia,IDN,1988,23372656
Indonesia,IDN,1989,24955504
Indonesia,IDN,1990,44064310
Indonesia,IDN,1991,43494428
Indonesia,IDN,1992,52373216
Indonesia,IDN,1993,57660370
Indonesia,IDN,1994,60309440
Indonesia,IDN,1995,64574332
Indonesia,IDN,1996,78992180
Indonesia,IDN,1997,82041720
Indonesia,IDN,1998,48027710
Indonesia,IDN,1999,83651704
Indonesia,IDN,2000,48591970
Indonesia,IDN,2001,61163150
Indonesia,IDN,2002,59764220
Indonesia,IDN,2003,62661730
Indonesia,IDN,2004,61885636
Indonesia,IDN,2005,54450704
Indonesia,IDN,2006,57425870
Indonesia,IDN,2007,57077790
Indonesia,IDN,2008,60313104
Indonesia,IDN,2009,64540824
Indonesia,IDN,2010,73730030
Indonesia,IDN,2011,81553310
Indonesia,IDN,2012,80062060
Indonesia,IDN,2013,64753296
Indonesia,IDN,2014,62415690
Indonesia,IDN,2015,94252740
Indonesia,IDN,2016,91185360
Indonesia,IDN,2017,84338540
Indonesia,IDN,2018,84147900
Indonesia,IDN,2019,87909896
Indonesia,IDN,2020,81216670
Indonesia,IDN,2021,83759500
Indonesia,IDN,2022,85931470
Indonesia,IDN,2023,88656860
Russia,RUS,1830,0
Russia,RUS,1831,0
Russia,RUS,1832,0
Russia,RUS,1833,0
Russia,RUS,1850,0
Russia,RUS,1855,0
Russia,RUS,1858,0
Russia,RUS,1859,0
Russia,RUS,1860,0
Russia,RUS,1861,0
Russia,RUS,1862,0
Russia,RUS,1863,0
Russia,RUS,1864,0
Russia,RUS,1865,0
Russia,RUS,1866,0
Russia,RUS,1867,0
Russia,RUS,1868,0
Russia,RUS,1869,0
Russia,RUS,1870,0
Russia,RUS,1871,0
Russia,RUS,1872,0
Russia,RUS,1873,0
Russia,RUS,1874,0
Russia,RUS,1875,0
Russia,RUS,1876,0
Russia,RUS,1877,0
Russia,RUS,1878,0
Russia,RUS,1879,0
Russia,RUS,1880,0
Russia,RUS,1881,0
Russia,RUS,1882,0
Russia,RUS,1883,0
Russia,RUS,1884,0
Russia,RUS,1885,0
Russia,RUS,1886,0
Russia,RUS,1887,0
Russia,RUS,1888,0
Russia,RUS,1889,0
Russia,RUS,1890,0
Russia,RUS,1891,0
Russia,RUS,1892,0
Russia,RUS,1893,0
Russia,RUS,1894,0
Russia,RUS,1895,0
Russia,RUS,1896,0
Russia,RUS,1897,0
Russia,RUS,1898,0
Russia,RUS,1899,0
Russia,RUS,1900,0
Russia,RUS,1901,0
Russia,RUS,1902,0
Russia,RUS,1903,0
Russia,RUS,1904,0
Russia,RUS,1905,0
Russia,RUS,1906,0
Russia,RUS,1907,0
Russia,RUS,1908,0
Russia,RUS,1909,0
Russia,RUS,1910,0
Russia,RUS,1911,0
Russia,RUS,1912,0
Russia,RUS,1913,0
Russia,RUS,1914,0
Russia,RUS,1915,0
Russia,RUS,1916,0
Russia,RUS,1917,0
Russia,RUS,1918,0
Russia,RUS,1919,0
Russia,RUS,1920,0
Russia,RUS,1921,28038
Russia,RUS,1922,25489
Russia,RUS,1923,17843
Russia,RUS,1924,147905
Russia,RUS,1925,249693
Russia,RUS,1926,295942
Russia,RUS,1927,308801
Russia,RUS,1928,339553
Russia,RUS,1929,420950
Russia,RUS,1930,527159
Russia,RUS,1931,868168
Russia,RUS,1932,1050074
Russia,RUS,1933,1239365
Russia,RUS,1934,1601908
Russia,RUS,1935,1888127
Russia,RUS,1936,2355288
Russia,RUS,1937,2500422
Russia,RUS,1938,2523485
Russia,RUS,1939,2523570
Russia,RUS,1940,3696137
Russia,RUS,1941,0
Russia,RUS,1942,0
Russia,RUS,1943,0
Russia,RUS,1944,0
Russia,RUS,1945,3760880
Russia,RUS,1946,4304219
Russia,RUS,1947,5268770
Russia,RUS,1948,5818678
Russia,RUS,1949,6015817
Russia,RUS,1950,7932071
Russia,RUS,1951,8585258
Russia,RUS,1952,8740307
Russia,RUS,1953,9381252
Russia,RUS,1954,10245190
Russia,RUS,1955,12267180
Russia,RUS,1956,16519926
Russia,RUS,1957,25726314
Russia,RUS,1958,38192892
Russia,RUS,1959,48555336
Russia,RUS,1960,61664828
Russia,RUS,1961,79863496
Russia,RUS,1962,99130990
Russia,RUS,1963,121250770
Russia,RUS,1964,147215520
Russia,RUS,1965,170229340
Russia,RUS,1966,188619200
Russia,RUS,1967,206292770
Russia,RUS,1968,223342780
Russia,RUS,1969,238847330
Russia,RUS,1970,221794830
Russia,RUS,1971,250638380
Russia,RUS,1972,263590750
Russia,RUS,1973,278547170
Russia,RUS,1974,295137760
Russia,RUS,1975,321876930
Russia,RUS,1976,353685950
Russia,RUS,1977,379118900
Russia,RUS,1978,397567580
Russia,RUS,1979,422814100
Russia,RUS,1980,441376320
Russia,RUS,1981,472646080
Russia,RUS,1982,500027900
Russia,RUS,1983,536445300
Russia,RUS,1984,580161700
Russia,RUS,1985,636962940
Russia,RUS,1986,603894100
Russia,RUS,1987,701871100
Russia,RUS,1988,750139300
Russia,RUS,1989,749210900
Russia,RUS,1990,788193100
Russia,RUS,1991,754958700
Russia,RUS,1992,774350300
Russia,RUS,1993,781669200
Russia,RUS,1994,732936500
Russia,RUS,1995,699581760
Russia,RUS,1996,699775200
Russia,RUS,1997,669233150
Russia,RUS,1998,673399360
Russia,RUS,1999,686577340
Russia,RUS,2000,681630500
Russia,RUS,2001,693222660
Russia,RUS,2002,702703400
Russia,RUS,2003,735376100
Russia,RUS,2004,743405000
Russia,RUS,2005,746183300
Russia,RUS,2006,766954560
Russia,RUS,2007,779353660
Russia,RUS,2008,779724500
Russia,RUS,2009,732687550
Russia,RUS,2010,794593100
Russia,RUS,2011,817719900
Russia,RUS,2012,807071900
Russia,RUS,2013,782849700
Russia,RUS,2014,775338300
Russia,RUS,2015,739506200
Russia,RUS,2016,753005000
Russia,RUS,2017,780663550
Russia,RUS,2018,828858900
Russia,RUS,2019,807387800
Russia,RUS,2020,784290700
Russia,RUS,2021,854063900
Russia,RUS,2022,887432300
Russia,RUS,2023,897260300
South Africa,ZAF,1884,0
South Africa,ZAF,1885,0
South Africa,ZAF,1886,0
South Africa,ZAF,1887,0
South Africa,ZAF,1888,0
South Africa,ZAF,1889,0
South Africa,ZAF,1890,0
South Africa,ZAF,1891,0
South Africa,ZAF,1892,0
South Africa,ZAF,1893,0
South Africa,ZAF,1894,0
South Africa,ZAF,1895,0
South Africa,ZAF,1896,0
South Africa,ZAF,1897,0
South Africa,ZAF,1898,0
South Africa,ZAF,1899,0
South Africa,ZAF,1900,0
South Africa,ZAF,1901,0
South Africa,ZAF,1902,0
South Africa,ZAF,1903,0
South Africa,ZAF,1904,0
South Africa,ZAF,1905,0
South Africa,ZAF,1906,0
South Africa,ZAF,1907,0
South Africa,ZAF,1908,0
South Africa,ZAF,1909,0
South Africa,ZAF,1910,0
South Africa,ZAF,1911,0
South Africa,ZAF,1912,0
South Africa,ZAF,1913,0
South Africa,ZAF,1914,0
South Africa,ZAF,1915,0
South Africa,ZAF,1916,0
South Africa,ZAF,1917,0
South Africa,ZAF,1918,0
South Africa,ZAF,1919,0
South Africa,ZAF,1920,0
South Africa,ZAF,1921,0
South Africa,ZAF,1922,0
South Africa,ZAF,1923,0
South Africa,ZAF,1924,0
South Africa,ZAF,1925,0
South Africa,ZAF,1926,0
South Africa,ZAF,1927,0
South Africa,ZAF,1928,0
South Africa,ZAF,1929,0
South Africa,ZAF,1930,0
South Africa,ZAF,1931,0
South Africa,ZAF,1932,0
South Africa,ZAF,1933,0
South Africa,ZAF,1934,0
South Africa,ZAF,1935,0
South Africa,ZAF,1936,0
South Africa,ZAF,1937,0
South Africa,ZAF,1938,0
South Africa,ZAF,1939,0
South Africa,ZAF,1940,0
South Africa,ZAF,1941,0
South Africa,ZAF,1942,0
South Africa,ZAF,1943,0
South Africa,ZAF,1944,0
South Africa,ZAF,1945,0
South Africa,ZAF,1946,0
South Africa,ZAF,1947,0
South Africa,ZAF,1948,0
South Africa,ZAF,1949,0
South Africa,ZAF,1990,3444160
South Africa,ZAF,1991,3491792
South Africa,ZAF,1992,3517440
South Africa,ZAF,1993,3924144
South Africa,ZAF,1994,3924186
South Africa,ZAF,1995,3924144
South Africa,ZAF,1996,3532096
South Africa,ZAF,1997,3154704
South Africa,ZAF,1998,2656400
South Africa,ZAF,1999,3473472
South Africa,ZAF,2000,3198672
South Africa,ZAF,2001,4154976
South Africa,ZAF,2002,4122000.2
South Africa,ZAF,2003,2469558
South Africa,ZAF,2004,6364368
South Africa,ZAF,2005,6313072
South Africa,ZAF,2006,6126158
South Africa,ZAF,2007,7892318
South Africa,ZAF,2008,8119484
South Africa,ZAF,2009,7038544
South Africa,ZAF,2010,8866880
South Africa,ZAF,2011,8800928
South Africa,ZAF,2012,9255264
South Africa,ZAF,2013,9383504
South Africa,ZAF,2014,9042752
South Africa,ZAF,2015,9966080
South Africa,ZAF,2016,7815312
South Africa,ZAF,2017,7338992
South Africa,ZAF,2018,9119696
South Africa,ZAF,2019,9105040
South Africa,ZAF,2020,9643648
South Africa,ZAF,2021,8383232
South Africa,ZAF,2022,8484427
South Africa,ZAF,2023,9432980
United Kingdom,GBR,1750,0
United Kingdom,GBR,1751,0
United Kingdom,GBR,1752,0
United Kingdom,GBR,1753,0
United Kingdom,GBR,1754,0
United Kingdom,GBR,1755,0
United Kingdom,GBR,1756,0
United Kingdom,GBR,1757,0
United Kingdom,GBR,1758,0
United Kingdom,GBR,1759,0
United Kingdom,GBR,1760,0
United Kingdom,GBR,1761,0
United Kingdom,GBR,1762,0
United Kingdom,GBR,1763,0
United Kingdom,GBR,1764,0
United Kingdom,GBR,1765,0
United Kingdom,GBR,1766,0
United Kingdom,GBR,1767,0
United Kingdom,GBR,1768,0
United Kingdom,GBR,1769,0
United Kingdom,GBR,1770,0
United Kingdom,GBR,1771,0
United Kingdom,GBR,1772,0
United Kingdom,GBR,1773,0
United Kingdom,GBR,1774,0
United Kingdom,GBR,1775,0
United Kingdom,GBR,1776,0
United Kingdom,GBR,1777,0
United Kingdom,GBR,1778,0
United Kingdom,GBR,1779,0
United Kingdom,GBR,1780,0
United Kingdom,GBR,1781,0
United Kingdom,GBR,1782,0
United Kingdom,GBR,1783,0
United Kingdom,GBR,1784,0
United Kingdom,GBR,1785,0
United Kingdom,GBR,1786,0
United Kingdom,GBR,1787,0
United Kingdom,GBR,1788,0
United Kingdom,GBR,1789,0
United Kingdom,GBR,1790,0
United Kingdom,GBR,1791,0
United Kingdom,GBR,1792,0
United Kingdom,GBR,1793,0
United Kingdom,GBR,1794,0
United Kingdom,GBR,1795,0
United Kingdom,GBR,1796,0
United Kingdom,GBR,1797,0
United Kingdom,GBR,1798,0
United Kingdom,GBR,1799,0
United Kingdom,GBR,1800,0
United Kingdom,GBR,1801,0
United Kingdom,GBR,1802,0
United Kingdom,GBR,1803,0
United Kingdom,GBR,1804,0
United Kingdom,GBR,1805,0
United Kingdom,GBR,1806,0
United Kingdom,GBR,1807,0
United Kingdom,GBR,1808,0
United Kingdom,GBR,1809,0
United Kingdom,GBR,1810,0
United Kingdom,GBR,1811,0
United Kingdom,GBR,1812,0
United Kingdom,GBR,1813,0
United Kingdom,GBR,1814,0
United Kingdom,GBR,1815,0
United Kingdom,GBR,1816,0
United Kingdom,GBR,1817,0
United Kingdom,GBR,1818,0
United Kingdom,GBR,1819,0
United Kingdom,GBR,1820,0
United Kingdom,GBR,1821,0
United Kingdom,GBR,1822,0
United Kingdom,GBR,1823,0
United Kingdom,GBR,1824,0
United Kingdom,GBR,1825,0
United Kingdom,GBR,1826,0
United Kingdom,GBR,1827,0
United Kingdom,GBR,1828,0
United Kingdom,GBR,1829,0
United Kingdom,GBR,1830,0
United Kingdom,GBR,1831,0
United Kingdom,GBR,1832,0
United Kingdom,GBR,1833,0
United Kingdom,GBR,1834,0
United Kingdom,GBR,1835,0
United Kingdom,GBR,1836,0
United Kingdom,GBR,1837,0
United Kingdom,GBR,1838,0
United Kingdom,GBR,1839,0
United Kingdom,GBR,1840,0
United Kingdom,GBR,1841,0
United Kingdom,GBR,1842,0
United Kingdom,GBR,1843,0
United Kingdom,GBR,1844,0
United Kingdom,GBR,1845,0
United Kingdom,GBR,1846,0
United Kingdom,GBR,1847,0
United Kingdom,GBR,1848,0
United Kingdom,GBR,1849,0
United Kingdom,GBR,1850,0
United Kingdom,GBR,1851,0
United Kingdom,GBR,1852,0
United Kingdom,GBR,1853,0
United Kingdom,GBR,1854,0
United Kingdom,GBR,1855,0
United Kingdom,GBR,1856,0
United Kingdom,GBR,1857,0
United Kingdom,GBR,1858,0
United Kingdom,GBR,1859,0
United Kingdom,GBR,1860,0
United Kingdom,GBR,1861,0
United Kingdom,GBR,1862,0
United Kingdom,GBR,1863,0
United Kingdom,GBR,1864,0
United Kingdom,GBR,1865,0
United Kingdom,GBR,1866,0
United Kingdom,GBR,1867,0
United Kingdom,GBR,1868,0
United Kingdom,GBR,1869,0
United Kingdom,GBR,1870,0
United Kingdom,GBR,1871,0
United Kingdom,GBR,1872,0
United Kingdom,GBR,1873,0
United Kingdom,GBR,1874,0
United Kingdom,GBR,1875,0
United Kingdom,GBR,1876,0
United Kingdom,GBR,1877,0
United Kingdom,GBR,1878,0
United Kingdom,GBR,1879,0
United Kingdom,GBR,1880,0
United Kingdom,GBR,1881,0
United Kingdom,GBR,1882,0
United Kingdom,GBR,1883,0
United Kingdom,GBR,1884,0
United Kingdom,GBR,1885,0
United Kingdom,GBR,1886,0
United Kingdom,GBR,1887,0
United Kingdom,GBR,1888,0
United Kingdom,GBR,1889,0
United Kingdom,GBR,1890,0
United Kingdom,GBR,1891,0
United Kingdom,GBR,1892,0
United Kingdom,GBR,1893,0
United Kingdom,GBR,1894,0
United Kingdom,GBR,1895,0
United Kingdom,GBR,1896,0
United Kingdom,GBR,1897,0
United Kingdom,GBR,1898,0
United Kingdom,GBR,1899,0
United Kingdom,GBR,1900,0
United Kingdom,GBR,1901,0
United Kingdom,GBR,1902,0
United Kingdom,GBR,1903,0
United Kingdom,GBR,1904,0
United Kingdom,GBR,1905,0
United Kingdom,GBR,1906,0
United Kingdom,GBR,1907,0
United Kingdom,GBR,1908,0
United Kingdom,GBR,1909,0
United Kingdom,GBR,1910,0
United Kingdom,GBR,1911,0
United Kingdom,GBR,1912,0
United Kingdom,GBR,1913,0
United Kingdom,GBR,1914,0
United Kingdom,GBR,1915,0
United Kingdom,GBR,1916,0
United Kingdom,GBR,1917,0
United Kingdom,GBR,1918,0
United Kingdom,GBR,1919,0
United Kingdom,GBR,1920,0
United Kingdom,GBR,1921,0
United Kingdom,GBR,1922,0
United Kingdom,GBR,1923,0
United Kingdom,GBR,1924,0
United Kingdom,GBR,1925,0
United Kingdom,GBR,1926,0
United Kingdom,GBR,1927,0
United Kingdom,GBR,1928,0
United Kingdom,GBR,1929,0
United Kingdom,GBR,1930,0
United Kingdom,GBR,1931,0
United Kingdom,GBR,1932,0
United Kingdom,GBR,1933,0
United Kingdom,GBR,1934,0
United Kingdom,GBR,1935,0
United Kingdom,GBR,1936,0
United Kingdom,GBR,1937,0
United Kingdom,GBR,1938,0
United Kingdom,GBR,1939,0
United Kingdom,GBR,1940,0
United Kingdom,GBR,1941,0
United Kingdom,GBR,1942,3664
United Kingdom,GBR,1943,0
United Kingdom,GBR,1944,3664
United Kingdom,GBR,1945,3664
United Kingdom,GBR,1946,0
United Kingdom,GBR,1947,0
United Kingdom,GBR,1948,0
United Kingdom,GBR,1949,0
United Kingdom,GBR,1950,0
United Kingdom,GBR,1951,14656
United Kingdom,GBR,1952,18320
United Kingdom,GBR,1953,21984
United Kingdom,GBR,1954,32976
United Kingdom,GBR,1955,25648
United Kingdom,GBR,1956,36640
United Kingdom,GBR,1957,62288
United Kingdom,GBR,1958,117248
United Kingdom,GBR,1959,135568
United Kingdom,GBR,1960,150224
United Kingdom,GBR,1961,150224
United Kingdom,GBR,1962,216176
United Kingdom,GBR,1963,289456
United Kingdom,GBR,1964,512963
United Kingdom,GBR,1965,1685440
United Kingdom,GBR,1966,1648800
United Kingdom,GBR,1967,2777295
United Kingdom,GBR,1968,6265478
United Kingdom,GBR,1969,12252345
United Kingdom,GBR,1970,23105184
United Kingdom,GBR,1971,37226240
United Kingdom,GBR,1972,52659304
United Kingdom,GBR,1973,56993520
United Kingdom,GBR,1974,68161390
United Kingdom,GBR,1975,71382050
United Kingdom,GBR,1976,74038450
United Kingdom,GBR,1977,79010020
United Kingdom,GBR,1978,81523500
United Kingdom,GBR,1979,89193260
United Kingdom,GBR,1980,88423310
United Kingdom,GBR,1981,89606780
United Kingdom,GBR,1982,93314130
United Kingdom,GBR,1983,97168620
United Kingdom,GBR,1984,99609500
United Kingdom,GBR,1985,107940740
United Kingdom,GBR,1986,108266840
United Kingdom,GBR,1987,107509090
United Kingdom,GBR,1988,105863270
United Kingdom,GBR,1989,104710450
United Kingdom,GBR,1990,113517624
United Kingdom,GBR,1991,121693416
United Kingdom,GBR,1992,122295510
United Kingdom,GBR,1993,137590690
United Kingdom,GBR,1994,145455300
United Kingdom,GBR,1995,154253800
United Kingdom,GBR,1996,177542510
United Kingdom,GBR,1997,182886750
United Kingdom,GBR,1998,191361380
United Kingdom,GBR,1999,205231250
United Kingdom,GBR,2000,210131000
United Kingdom,GBR,2001,210160350
United Kingdom,GBR,2002,207030380
United Kingdom,GBR,2003,208462270
United Kingdom,GBR,2004,211734180
United Kingdom,GBR,2005,205437840
United Kingdom,GBR,2006,194126400
United Kingdom,GBR,2007,196519580
United Kingdom,GBR,2008,202654960
United Kingdom,GBR,2009,188070480
United Kingdom,GBR,2010,201927120
United Kingdom,GBR,2011,168235550
United Kingdom,GBR,2012,158239900
United Kingdom,GBR,2013,157622220
United Kingdom,GBR,2014,144492210
United Kingdom,GBR,2015,147899400
United Kingdom,GBR,2016,165742030
United Kingdom,GBR,2017,161697380
United Kingdom,GBR,2018,161485260
United Kingdom,GBR,2019,159320850
United Kingdom,GBR,2020,149420100
United Kingdom,GBR,2021,158403730
United Kingdom,GBR,2022,134871650
United Kingdom,GBR,2023,123220536
United States,USA,1800,0
United States,USA,1801,0
United States,USA,1802,0
United States,USA,1803,0
United States,USA,1804,0
United States,USA,1805,0
United States,USA,1806,0
United States,USA,1807,0
United States,USA,1808,0
United States,USA,1809,0
United States,USA,1810,0
United States,USA,1811,0
United States,USA,1812,0
United States,USA,1813,0
United States,USA,1814,0
United States,USA,1815,0
United States,USA,1816,0
United States,USA,1817,0
United States,USA,1818,0
United States,USA,1819,0
United States,USA,1820,0
United States,USA,1821,0
United States,USA,1822,0
United States,USA,1823,0
United States,USA,1824,0
United States,USA,1825,0
United States,USA,1826,0
United States,USA,1827,0
United States,USA,1828,0
United States,USA,1829,0
United States,USA,1830,0
United States,USA,1831,0
United States,USA,1832,0
United States,USA,1833,0
United States,USA,1834,0
United States,USA,1835,0
United States,USA,1836,0
United States,USA,1837,0
United States,USA,1838,0
United States,USA,1839,0
United States,USA,1840,0
United States,USA,1841,0
United States,USA,1842,0
United States,USA,1843,0
United States,USA,1844,0
United States,USA,1845,0
United States,USA,1846,0
United States,USA,1847,0
United States,USA,1848,0
United States,USA,1849,0
United States,USA,1850,0
United States,USA,1851,0
United States,USA,1852,0
United States,USA,1853,0
United States,USA,1854,0
United States,USA,1855,0
United States,USA,1856,0
United States,USA,1857,0
United States,USA,1858,0
United States,USA,1859,0
United States,USA,1860,0
United States,USA,1861,0
United States,USA,1862,0
United States,USA,1863,0
United States,USA,1864,0
United States,USA,1865,0
United States,USA,1866,0
United States,USA,1867,0
United States,USA,1868,0
United States,USA,1869,0
United States,USA,1870,0
United States,USA,1871,0
United States,USA,1872,0
United States,USA,1873,0
United States,USA,1874,0
United States,USA,1875,0
United States,USA,1876,0
United States,USA,1877,0
United States,USA,1878,0
United States,USA,1879,0
United States,USA,1880,0
United States,USA,1881,0
United States,USA,1882,164880
United States,USA,1883,381051
United States,USA,1884,1172480
United States,USA,1885,3715296
United States,USA,1886,7676080
United States,USA,1887,11787088
United States,USA,1888,16773792
United States,USA,1889,12226768
United States,USA,1890,11688053
United States,USA,1891,8947488
United States,USA,1892,7775008
United States,USA,1893,7287696
United States,USA,1894,6697850
United States,USA,1895,7042154
United States,USA,1896,6847964
United States,USA,1897,7287643
United States,USA,1898,8460176
United States,USA,1899,10904064
United States,USA,1900,11541600
United States,USA,1901,12860640
United States,USA,1902,13692368
United States,USA,1903,14524096
United States,USA,1904,15161569
United States,USA,1905,17165840
United States,USA,1906,19016160
United States,USA,1907,19866146
United States,USA,1908,19664688
United States,USA,1909,23508224
United States,USA,1910,24900544
United States,USA,1911,25087408
United States,USA,1912,27494656
United States,USA,1913,28458288
United States,USA,1914,28945600
United States,USA,1915,30740960
United States,USA,1916,36834190
United States,USA,1917,38882370
United States,USA,1918,35258670
United States,USA,1919,36482450
United States,USA,1920,39710430
United States,USA,1921,32961346
United States,USA,1922,37948148
United States,USA,1923,50127184
United States,USA,1924,56828640
United States,USA,1925,59173724
United States,USA,1926,65336450
United States,USA,1927,71938980
United States,USA,1928,78054040
United States,USA,1929,95462040
United States,USA,1930,96784350
United States,USA,1931,84213580
United States,USA,1932,77954810
United States,USA,1933,78101820
United States,USA,1934,88811920
United States,USA,1935,96293820
United States,USA,1936,108813470
United States,USA,1937,120941560
United States,USA,1938,115320456
United States,USA,1939,124121944
United States,USA,1940,133706696
United States,USA,1941,141533000
United States,USA,1942,153855280
United States,USA,1943,171951520
United States,USA,1944,186574270
United States,USA,1945,197676460
United States,USA,1946,203103180
United States,USA,1947,224086240
United States,USA,1948,251764780
United States,USA,1949,265068420
United States,USA,1950,319218660
United States,USA,1951,376209060
United States,USA,1952,402786600
United States,USA,1953,423341600
United States,USA,1954,443999840
United States,USA,1955,479189540
United States,USA,1956,505889120
United States,USA,1957,540645200
United States,USA,1958,570701000
United States,USA,1959,593209700
United States,USA,1960,630024770
United States,USA,1961,636414800
United States,USA,1962,676367040
United States,USA,1963,718455400
United States,USA,1964,759071740
United States,USA,1965,782604740
United States,USA,1966,842207040
United States,USA,1967,881283650
United States,USA,1968,936360800
United States,USA,1969,1018082700
United States,USA,1970,1059211100
United States,USA,1971,1096927400
United States,USA,1972,1115673300
United States,USA,1973,1175252000
United States,USA,1974,1134594000
United States,USA,1975,1042853060
United States,USA,1976,1063161000
United States,USA,1977,1041406000
United States,USA,1978,1045577000
United States,USA,1979,1080846000
United States,USA,1980,1058407940
United States,USA,1981,1032434000
United States,USA,1982,961223040
United States,USA,1983,901395000
United States,USA,1984,962573950
United States,USA,1985,926826000
United States,USA,1986,868157000
United States,USA,1987,923281000
United States,USA,1988,964695000
United States,USA,1989,1027298940
United States,USA,1990,1023425200
United States,USA,1991,1042436300
United States,USA,1992,1080400400
United States,USA,1993,1109229700
United States,USA,1994,1137428200
United States,USA,1995,1186511100
United States,USA,1996,1206586600
United States,USA,1997,1214127700
United States,USA,1998,1191096800
United States,USA,1999,1197930500
United States,USA,2000,1251387900
United States,USA,2001,1198854800
United States,USA,2002,1237820500
United States,USA,2003,1201065900
United States,USA,2004,1204871000
United States,USA,2005,1186901900
United States,USA,2006,1173252000
United States,USA,2007,1247321100
United States,USA,2008,1252606100
United States,USA,2009,1231696300
United States,USA,2010,1290495200
United States,USA,2011,1310706800
United States,USA,2012,1372072400
United States,USA,2013,1410481500
United States,USA,2014,1435209000
United States,USA,2015,1476136400
United States,USA,2016,1481873400
United States,USA,2017,1460655600
United States,USA,2018,1619274500
United States,USA,2019,1675471100
United States,USA,2020,1656254800
United States,USA,2021,1659128200
United States,USA,2022,1748499100
United States,USA,2023,1755923500