{
  "chart": {
    "title": "CO₂ emissions by sector",
    "note": "Land-use change emissions can be negative.",
    "citation": "Climate Watch (2024)",
    "originalChartUrl": "https://ourworldindata.org/grapher/co-emissions-by-sector?v=1&csvType=filtered&useColumnShortNames=false",
    "selection": [
      "World"
    ]
  },
  "columns": {
    "Carbon dioxide emissions from buildings": {
      "titleShort": "Buildings",
      "titleLong": "Buildings",
      "descriptionShort": "Emissions are measured in tonnes.",
      "shortUnit": "t",
      "unit": "tonnes",
      "timespan": "1990-2021",
      "type": "Numeric",
      "owidVariableId": 998787,
      "shortName": "buildings_co2_emissions",
      "lastUpdated": "2024-11-21",
      "nextUpdate": "2025-11-21",
      "citationShort": "Climate Watch (2024) – with major processing by Our World in Data",
      "citationLong": "Climate Watch (2024) – with major processing by Our World in Data. “Buildings” [dataset]. Climate Watch, “Greenhouse gas emissions by sector” [original data].",
      "fullMetadata": "https://api.ourworldindata.org/v1/indicators/998787.metadata.json"
    },
    "Carbon dioxide emissions from industry": {
      "titleShort": "Industry",
      "titleLong": "Industry",
      "descriptionShort": "Emissions are measured in tonnes.",
      "shortUnit": "t",
      "unit": "tonnes",
      "timespan": "1990-2021",
      "type": "Numeric",
      "owidVariableId": 998795,
      "shortName": "industry_co2_emissions",
      "lastUpdated": "2024-11-21",
      "nextUpdate": "2025-11-21",
      "citationShort": "Climate Watch (2024) – with major processing by Our World in Data",
      "citationLong": "Climate Watch (2024) – with major processing by Our World in Data. “Industry” [dataset]. Climate Watch, “Greenhouse gas emissions by sector” [original data].",
      "fullMetadata": "https://api.ourworldindata.org/v1/indicators/998795.metadata.json"
    },
    "Carbon dioxide emissions from land use change and forestry": {
      "titleShort": "Land-use change and forestry",
      "titleLong": "Land-use change and forestry",
      "descriptionShort": "Emissions are measured in tonnes.",
      "shortUnit": "t",
      "unit": "tonnes",
      "timespan": "1990-2021",
      "type": "Numeric",
      "owidVariableId": 998797,
      "shortName": "land_use_change_and_forestry_co2_emissions",
      "lastUpdated": "2024-11-21",
      "nextUpdate": "2025-11-21",
      "citationShort": "Climate Watch (2024) – with major processing by Our World in Data",
      "citationLong": "Climate Watch (2024) – with major processing by Our World in Data. “Land-use change and forestry” [dataset]. Climate Watch, “Greenhouse gas emissions by sector” [original data].",
      "fullMetadata": "https://api.ourworldindata.org/v1/indicators/998797.metadata.json"
    },
    "Carbon dioxide emissions from other fuel combustion": {
      "titleShort": "Other fuel combustion",
      "titleLong": "Other fuel combustion",
      "descriptionShort": "Emissions are measured in tonnes.",
      "shortUnit": "t",
      "unit": "tonnes",
      "timespan": "1990-2021",
      "type": "Numeric",
      "owidVariableId": 998801,
      "shortName": "other_fuel_combustion_co2_emissions",
      "lastUpdated": "2024-11-21",
      "nextUpdate": "2025-11-21",
      "citationShort": "Climate Watch (2024) – with major processing by Our World in Data",
      "citationLong": "Climate Watch (2024) – with major processing by Our World in Data. “Other fuel combustion” [dataset]. Climate Watch, “Greenhouse gas emissions by sector” [original data].",
      "fullMetadata": "https://api.ourworldindata.org/v1/indicators/998801.metadata.json"
    },
    "Carbon dioxide emissions from transport": {
      "titleShort": "Transport",
      "titleLong": "Transport",
      "descriptionShort": "Emissions are measured in tonnes.",
      "shortUnit": "t",
      "unit": "tonnes",
      "timespan": "1990-2021",
      "type": "Numeric",
      "owidVariableId": 998812,
      "shortName": "transport_co2_emissions",
      "lastUpdated": "2024-11-21",
      "nextUpdate": "2025-11-21",
      "citationShort": "Climate Watch (2024) – with major processing by Our World in Data",
      "citationLong": "Climate Watch (2024) – with major processing by Our World in Data. “Transport” [dataset]. Climate Watch, “Greenhouse gas emissions by sector” [original data].",
      "fullMetadata": "https://api.ourworldindata.org/v1/indicators/998812.metadata.json"
    },
    "Carbon dioxide emissions from manufacturing and construction": {
      "titleShort": "Manufacturing and construction",
      "titleLong": "Manufacturing and construction",
      "descriptionShort": "Emissions are measured in tonnes.",
      "shortUnit": "t",
      "unit": "tonnes",
      "timespan": "1990-2021",
      "type": "Numeric",
      "owidVariableId": 998799,
      "shortName": "manufacturing_and_construction_co2_emissions",
      "lastUpdated": "2024-11-21",
      "nextUpdate": "2025-11-21",
      "citationShort": "Climate Watch (2024) – with major processing by Our World in Data",
      "citationLong": "Climate Watch (2024) – with major processing by Our World in Data. “Manufacturing and construction” [dataset]. Climate Watch, “Greenhouse gas emissions by sector” [original data].",
      "fullMetadata": "https://api.ourworldindata.org/v1/indicators/998799.metadata.json"
    },
    "Fugitive emissions of carbon dioxide from energy production": {
      "titleShort": "Fugitive emissions",
      "titleLong": "Fugitive emissions",
      "descriptionShort": "Emissions are measured in tonnes.",
      "shortUnit": "t",
      "unit": "tonnes",
      "timespan": "1990-2021",
      "type": "Numeric",
      "owidVariableId": 998793,
      "shortName": "fugitive_co2_emissions",
      "lastUpdated": "2024-11-21",
      "nextUpdate": "2025-11-21",
      "citationShort": "Climate Watch (2024) – with major processing by Our World in Data",
      "citationLong": "Climate Watch (2024) – with major processing by Our World in Data. “Fugitive emissions” [dataset]. Climate Watch, “Greenhouse gas emissions by sector” [original data].",
      "fullMetadata": "https://api.ourworldindata.org/v1/indicators/998793.metadata.json"
    },
    "Carbon dioxide emissions from electricity and heat": {
      "titleShort": "Electricity and heat",
      "titleLong": "Electricity and heat",
      "descriptionShort": "Emissions are measured in tonnes.",
      "shortUnit": "t",
      "unit": "tonnes",
      "timespan": "1990-2021",
      "type": "Numeric",
      "owidVariableId": 998789,
      "shortName": "electricity_and_heat_co2_emissions",
      "lastUpdated": "2024-11-21",
      "nextUpdate": "2025-11-21",
      "citationShort": "Climate Watch (2024) – with major processing by Our World in Data",
      "citationLong": "Climate Watch (2024) – with major processing by Our World in Data. “Electricity and heat” [dataset]. Climate Watch, “Greenhouse gas emissions by sector” [original data].",
      "fullMetadata": "https://api.ourworldindata.org/v1/indicators/998789.metadata.json"
    },
    "Carbon dioxide emissions from bunker fuels": {
      "titleShort": "Aviation and shipping",
      "titleLong": "Aviation and shipping",
      "descriptionShort": "Emissions are measured in tonnes.",
      "shortUnit": "t",
      "unit": "tonnes",
      "timespan": "1990-2021",
      "type": "Numeric",
      "owidVariableId": 998785,
      "shortName": "aviation_and_shipping_co2_emissions",
      "lastUpdated": "2024-11-21",
      "nextUpdate": "2025-11-21",
      "citationShort": "Climate Watch (2024) – with major processing by Our World in Data",
      "citationLong": "Climate Watch (2024) – with major processing by Our World in Data. “Aviation and shipping” [dataset]. Climate Watch, “Greenhouse gas emissions by sector” [original data].",
      "fullMetadata": "https://api.ourworldindata.org/v1/indicators/998785.metadata.json"
    }
  },
  "dateDownloaded": "2025-04-21",
  "activeFilters": {}
}