Entity,Code,Year,Annual CO₂ emissions from coal
Australia,AUS,1805,236
Australia,AUS,1806,661
Australia,AUS,1807,629
Australia,AUS,1808,787
Australia,AUS,1809,1259
Australia,AUS,1810,1259
Australia,AUS,1811,2203
Australia,AUS,1812,2203
Australia,AUS,1813,2832
Australia,AUS,1814,3451
Australia,AUS,1815,2753
Australia,AUS,1816,2281
Australia,AUS,1817,2045
Australia,AUS,1818,1888
Australia,AUS,1819,3540
Australia,AUS,1820,6160
Australia,AUS,1821,3147
Australia,AUS,1822,3934.0002
Australia,AUS,1823,4720
Australia,AUS,1824,4720
Australia,AUS,1825,2870
Australia,AUS,1826,6360
Australia,AUS,1827,5902
Australia,AUS,1828,3786
Australia,AUS,1829,6031
Australia,AUS,1830,5748
Australia,AUS,1831,1421
Australia,AUS,1832,11239
Australia,AUS,1833,10718
Australia,AUS,1834,13358
Australia,AUS,1835,19498
Australia,AUS,1836,19897
Australia,AUS,1837,25305
Australia,AUS,1838,27094
Australia,AUS,1839,33487
Australia,AUS,1840,47605
Australia,AUS,1841,54819
Australia,AUS,1842,62779
Australia,AUS,1843,40692
Australia,AUS,1844,36374
Australia,AUS,1845,35125
Australia,AUS,1846,61308
Australia,AUS,1847,64088
Australia,AUS,1848,71507
Australia,AUS,1849,76336
Australia,AUS,1850,112052
Australia,AUS,1851,106379
Australia,AUS,1852,106055
Australia,AUS,1853,152321
Australia,AUS,1854,183526
Australia,AUS,1855,215678
Australia,AUS,1856,298886
Australia,AUS,1857,331100
Australia,AUS,1858,340483
Australia,AUS,1859,484948
Australia,AUS,1860,599769
Australia,AUS,1861,560575
Australia,AUS,1862,787635
Australia,AUS,1863,720450
Australia,AUS,1864,903160
Australia,AUS,1865,973508
Australia,AUS,1866,1280060
Australia,AUS,1867,1239852
Australia,AUS,1868,1532259
Australia,AUS,1869,1464684
Australia,AUS,1870,1402391
Australia,AUS,1871,1440910
Australia,AUS,1872,1636610
Australia,AUS,1873,1930549
Australia,AUS,1874,2125629
Australia,AUS,1875,2142736
Australia,AUS,1876,2158161
Australia,AUS,1877,2372097
Australia,AUS,1878,2561644
Australia,AUS,1879,2577875
Australia,AUS,1880,2417483
Australia,AUS,1881,2905113
Australia,AUS,1882,3449765
Australia,AUS,1883,4146751
Australia,AUS,1884,4531928
Australia,AUS,1885,4871322
Australia,AUS,1886,4829301
Australia,AUS,1887,5022818
Australia,AUS,1888,5609240
Australia,AUS,1889,6250296
Australia,AUS,1890,5450851
Australia,AUS,1891,6884677
Australia,AUS,1892,6459545
Australia,AUS,1893,5773102
Australia,AUS,1894,6521718
Australia,AUS,1895,6750805
Australia,AUS,1896,7167209
Australia,AUS,1897,7906717
Australia,AUS,1898,8513916
Australia,AUS,1899,8575691
Australia,AUS,1900,10046688
Australia,AUS,1901,11204512
Australia,AUS,1902,11285085
Australia,AUS,1903,11050624
Australia,AUS,1904,11376773
Australia,AUS,1905,11867751
Australia,AUS,1906,14179680
Australia,AUS,1907,15264224
Australia,AUS,1908,16564943
Australia,AUS,1909,14329904
Australia,AUS,1910,17436976
Australia,AUS,1911,19239664
Australia,AUS,1912,20785872
Australia,AUS,1913,22390704
Australia,AUS,1914,24479184
Australia,AUS,1915,21793472
Australia,AUS,1916,19272640
Australia,AUS,1917,20760224
Australia,AUS,1918,22940304
Australia,AUS,1919,21738512
Australia,AUS,1920,25732272
Australia,AUS,1921,23152816
Australia,AUS,1922,24343616
Australia,AUS,1923,24849248
Australia,AUS,1924,27069632
Australia,AUS,1925,28234784
Australia,AUS,1926,27853728
Australia,AUS,1927,28894304
Australia,AUS,1928,25908144
Australia,AUS,1929,23295712
Australia,AUS,1930,21679888
Australia,AUS,1931,19349584
Australia,AUS,1932,20217952
Australia,AUS,1933,21419744
Australia,AUS,1934,22489632
Australia,AUS,1935,24951840
Australia,AUS,1936,26725216
Australia,AUS,1937,28491310
Australia,AUS,1938,27857368
Australia,AUS,1939,31803520
Australia,AUS,1940,28689164
Australia,AUS,1941,34203440
Australia,AUS,1942,36222304
Australia,AUS,1943,34793364
Australia,AUS,1944,33990930
Australia,AUS,1945,32345790
Australia,AUS,1946,35057150
Australia,AUS,1947,37570656
Australia,AUS,1948,37911410
Australia,AUS,1949,37116320
Australia,AUS,1950,44070590
Australia,AUS,1951,46096784
Australia,AUS,1952,47027440
Australia,AUS,1953,48232204
Australia,AUS,1954,51134784
Australia,AUS,1955,51248370
Australia,AUS,1956,51244704
Australia,AUS,1957,51625760
Australia,AUS,1958,52655344
Australia,AUS,1959,56689410
Australia,AUS,1960,58928110
Australia,AUS,1961,56480404
Australia,AUS,1962,57570732
Australia,AUS,1963,58789496
Australia,AUS,1964,61802196
Australia,AUS,1965,63811840
Australia,AUS,1966,66917290
Australia,AUS,1967,68541496
Australia,AUS,1968,70856100
Australia,AUS,1969,72266984
Australia,AUS,1970,74674330
Australia,AUS,1971,72748424
Australia,AUS,1972,73999830
Australia,AUS,1973,79030230
Australia,AUS,1974,79195784
Australia,AUS,1975,84330370
Australia,AUS,1976,84598350
Australia,AUS,1977,90491280
Australia,AUS,1978,93310560
Australia,AUS,1979,94766730
Australia,AUS,1980,101824780
Australia,AUS,1981,104819390
Australia,AUS,1982,107584640
Australia,AUS,1983,105149340
Australia,AUS,1984,109101096
Australia,AUS,1985,119255860
Australia,AUS,1986,118774830
Australia,AUS,1987,126142370
Australia,AUS,1988,130359450
Australia,AUS,1989,141140830
Australia,AUS,1990,141877120
Australia,AUS,1991,146082830
Australia,AUS,1992,150048670
Australia,AUS,1993,150095870
Australia,AUS,1994,151376240
Australia,AUS,1995,155734560
Australia,AUS,1996,160388110
Australia,AUS,1997,167683120
Australia,AUS,1998,177614220
Australia,AUS,1999,183231000
Australia,AUS,2000,185796850
Australia,AUS,2001,190082200
Australia,AUS,2002,191146660
Australia,AUS,2003,195386030
Australia,AUS,2004,202225440
Australia,AUS,2005,200715380
Australia,AUS,2006,204400540
Australia,AUS,2007,203558740
Australia,AUS,2008,204687580
Australia,AUS,2009,206066480
Australia,AUS,2010,200552320
Australia,AUS,2011,192140620
Australia,AUS,2012,189154380
Australia,AUS,2013,176363100
Australia,AUS,2014,168146430
Australia,AUS,2015,174204750
Australia,AUS,2016,179561630
Australia,AUS,2017,176932460
Australia,AUS,2018,169401390
Australia,AUS,2019,164952220
Australia,AUS,2020,156681300
Australia,AUS,2021,151893840
Australia,AUS,2022,146069490
Australia,AUS,2023,142666500
Canada,CAN,1785,3664
Canada,CAN,1786,3664
Canada,CAN,1787,3664
Canada,CAN,1788,3664
Canada,CAN,1789,3664
Canada,CAN,1790,3664
Canada,CAN,1791,3664
Canada,CAN,1792,3664
Canada,CAN,1793,3664
Canada,CAN,1794,3664
Canada,CAN,1795,3664
Canada,CAN,1796,3664
Canada,CAN,1797,3664
Canada,CAN,1798,3664
Canada,CAN,1799,3664
Canada,CAN,1800,3664
Canada,CAN,1801,3664
Canada,CAN,1802,3664
Canada,CAN,1803,3664
Canada,CAN,1804,3664
Canada,CAN,1805,3664
Canada,CAN,1806,3664
Canada,CAN,1807,3664
Canada,CAN,1808,3664
Canada,CAN,1809,3664
Canada,CAN,1810,3664
Canada,CAN,1811,3664
Canada,CAN,1812,3664
Canada,CAN,1813,3664
Canada,CAN,1814,3664
Canada,CAN,1815,3664
Canada,CAN,1816,3664
Canada,CAN,1817,3664
Canada,CAN,1818,3664
Canada,CAN,1819,3664
Canada,CAN,1820,3664
Canada,CAN,1821,3664
Canada,CAN,1822,3664
Canada,CAN,1823,3664
Canada,CAN,1824,3664
Canada,CAN,1825,3664
Canada,CAN,1826,3664
Canada,CAN,1827,3664
Canada,CAN,1828,3664
Canada,CAN,1829,3664
Canada,CAN,1830,3664
Canada,CAN,1831,3664
Canada,CAN,1832,3664
Canada,CAN,1833,3664
Canada,CAN,1834,3664
Canada,CAN,1835,3664
Canada,CAN,1836,3664
Canada,CAN,1837,3664
Canada,CAN,1838,3664
Canada,CAN,1839,3664
Canada,CAN,1840,3664
Canada,CAN,1841,3664
Canada,CAN,1842,3664
Canada,CAN,1843,3664
Canada,CAN,1844,3664
Canada,CAN,1845,3664
Canada,CAN,1846,25648
Canada,CAN,1847,32976
Canada,CAN,1848,40304
Canada,CAN,1849,47632
Canada,CAN,1850,58624
Canada,CAN,1851,69616
Canada,CAN,1852,84272
Canada,CAN,1853,102592
Canada,CAN,1854,124576
Canada,CAN,1855,150224
Canada,CAN,1856,179536
Canada,CAN,1857,216176
Canada,CAN,1858,263808
Canada,CAN,1859,315104
Canada,CAN,1860,381056
Canada,CAN,1861,458000
Canada,CAN,1862,553264
Canada,CAN,1863,670339
Canada,CAN,1864,806080
Canada,CAN,1865,970960
Canada,CAN,1866,1172480
Canada,CAN,1867,1516896
Canada,CAN,1868,861040
Canada,CAN,1869,597232
Canada,CAN,1870,1121184
Canada,CAN,1871,1670557
Canada,CAN,1872,1721832
Canada,CAN,1873,1458272
Canada,CAN,1874,1557051
Canada,CAN,1875,1787860
Canada,CAN,1876,1729155
Canada,CAN,1877,1894288
Canada,CAN,1878,1806352
Canada,CAN,1879,1948854
Canada,CAN,1880,5089296
Canada,CAN,1881,5477680
Canada,CAN,1882,6503600
Canada,CAN,1883,7342656
Canada,CAN,1884,8500480
Canada,CAN,1885,8145072
Canada,CAN,1886,8562768
Canada,CAN,1887,9936768
Canada,CAN,1888,13029184
Canada,CAN,1889,11010228
Canada,CAN,1890,12094864
Canada,CAN,1891,13633744
Canada,CAN,1892,13571456
Canada,CAN,1893,14527760
Canada,CAN,1894,13839016
Canada,CAN,1895,13234368
Canada,CAN,1896,14351888
Canada,CAN,1897,14505776
Canada,CAN,1898,15396201
Canada,CAN,1899,18836560
Canada,CAN,1900,20250860
Canada,CAN,1901,23530208
Canada,CAN,1902,25424496
Canada,CAN,1903,27736480
Canada,CAN,1904,32818448
Canada,CAN,1905,34859296
Canada,CAN,1906,36995444
Canada,CAN,1907,46375250
Canada,CAN,1908,46818590
Canada,CAN,1909,45213760
Canada,CAN,1910,50859930
Canada,CAN,1911,58686190
Canada,CAN,1912,64940736
Canada,CAN,1913,76185550
Canada,CAN,1914,64834290
Canada,CAN,1915,57678896
Canada,CAN,1916,72034024
Canada,CAN,1917,79835130
Canada,CAN,1918,83857970
Canada,CAN,1919,70139950
Canada,CAN,1920,79995920
Canada,CAN,1921,75507710
Canada,CAN,1922,63456510
Canada,CAN,1923,87434030
Canada,CAN,1924,71220830
Canada,CAN,1925,69077096
Canada,CAN,1926,77086900
Canada,CAN,1927,82792110
Canada,CAN,1928,81604610
Canada,CAN,1929,83898830
Canada,CAN,1930,79498380
Canada,CAN,1931,61214450
Canada,CAN,1932,57736660
Canada,CAN,1933,56440256
Canada,CAN,1934,65156236
Canada,CAN,1935,62932864
Canada,CAN,1936,68842900
Canada,CAN,1937,74206990
Canada,CAN,1938,66468620
Canada,CAN,1939,74195200
Canada,CAN,1940,84718200
Canada,CAN,1941,93714130
Canada,CAN,1942,105482180
Canada,CAN,1943,110547270
Canada,CAN,1944,109809280
Canada,CAN,1945,100397260
Canada,CAN,1946,105732910
Canada,CAN,1947,108436080
Canada,CAN,1948,118104440
Canada,CAN,1949,101281390
Canada,CAN,1950,96819840
Canada,CAN,1951,96881310
Canada,CAN,1952,89848610
Canada,CAN,1953,82936410
Canada,CAN,1954,80084050
Canada,CAN,1955,72213780
Canada,CAN,1956,78482880
Canada,CAN,1957,64922416
Canada,CAN,1958,57264656
Canada,CAN,1959,53545696
Canada,CAN,1960,49636210
Canada,CAN,1961,45594816
Canada,CAN,1962,47031104
Canada,CAN,1963,46598750
Canada,CAN,1964,51918880
Canada,CAN,1965,54175904
Canada,CAN,1966,52582064
Canada,CAN,1967,57315950
Canada,CAN,1968,60577644
Canada,CAN,1969,59118640
Canada,CAN,1970,58814530
Canada,CAN,1971,55876000
Canada,CAN,1972,62155500
Canada,CAN,1973,52014144
Canada,CAN,1974,48507240
Canada,CAN,1975,61284628
Canada,CAN,1976,59100320
Canada,CAN,1977,65032332
Canada,CAN,1978,69509140
Canada,CAN,1979,76028000
Canada,CAN,1980,81171580
Canada,CAN,1981,83689420
Canada,CAN,1982,88444510
Canada,CAN,1983,93523600
Canada,CAN,1984,102914430
Canada,CAN,1985,99763390
Canada,CAN,1986,92486690
Canada,CAN,1987,99030590
Canada,CAN,1988,106406220
Canada,CAN,1989,106897200
Canada,CAN,1990,99004880
Canada,CAN,1991,103904740
Canada,CAN,1992,106720824
Canada,CAN,1993,98807976
Canada,CAN,1994,102480750
Canada,CAN,1995,104309410
Canada,CAN,1996,106238220
Canada,CAN,1997,113044290
Canada,CAN,1998,119192136
Canada,CAN,1999,119514904
Canada,CAN,2000,128952490
Canada,CAN,2001,126479720
Canada,CAN,2002,123971550
Canada,CAN,2003,123101500
Canada,CAN,2004,115514200
Canada,CAN,2005,116624190
Canada,CAN,2006,114029850
Canada,CAN,2007,118820930
Canada,CAN,2008,112679890
Canada,CAN,2009,93362400
Canada,CAN,2010,95843840
Canada,CAN,2011,86834820
Canada,CAN,2012,81543750
Canada,CAN,2013,79249380
Canada,CAN,2014,76961840
Canada,CAN,2015,73719400
Canada,CAN,2016,74001440
Canada,CAN,2017,73401464
Canada,CAN,2018,61320372
Canada,CAN,2019,58777120
Canada,CAN,2020,48575084
Canada,CAN,2021,45794536
Canada,CAN,2022,38198412
Canada,CAN,2023,36769324
China,CHN,1907,19893872
China,CHN,1908,22735854
China,CHN,1909,24251576
China,CHN,1910,25009438
China,CHN,1911,24630506
China,CHN,1912,17029154
China,CHN,1913,24251576
China,CHN,1914,26718416
China,CHN,1915,25420578
China,CHN,1916,30130690
China,CHN,1917,32023448
China,CHN,1918,34747964
China,CHN,1919,37997296
China,CHN,1920,40278456
China,CHN,1921,38762732
China,CHN,1922,39971524
China,CHN,1923,46517556
China,CHN,1924,48846084
China,CHN,1925,45954840
China,CHN,1926,43652836
China,CHN,1927,45797584
China,CHN,1928,47540668
China,CHN,1929,48194324
China,CHN,1930,49331116
China,CHN,1931,51619856
China,CHN,1932,49973404
China,CHN,1933,53730504
China,CHN,1934,62002564
China,CHN,1935,72057496
China,CHN,1936,74539490
China,CHN,1937,69937380
China,CHN,1938,60520948
China,CHN,1939,73023780
China,CHN,1940,88722880
China,CHN,1941,111449256
China,CHN,1942,124452270
China,CHN,1943,107402270
China,CHN,1944,101898300
China,CHN,1945,55335276
China,CHN,1946,35805180
China,CHN,1947,41500510
China,CHN,1948,38093920
China,CHN,1949,61443640
China,CHN,1950,77614510
China,CHN,1951,100133460
China,CHN,1952,125444370
China,CHN,1953,130236984
China,CHN,1954,155591890
China,CHN,1955,183196340
China,CHN,1956,205022780
China,CHN,1957,243809710
China,CHN,1958,508174820
China,CHN,1959,695438140
China,CHN,1960,748375700
China,CHN,1961,522475400
China,CHN,1962,411925220
China,CHN,1963,406128500
China,CHN,1964,401574100
China,CHN,1965,432993180
China,CHN,1966,469765470
China,CHN,1967,383598820
China,CHN,1968,412720300
China,CHN,1969,501176580
China,CHN,1970,665866050
China,CHN,1971,736424260
China,CHN,1972,770721700
China,CHN,1973,783741250
China,CHN,1974,776101100
China,CHN,1975,906638460
China,CHN,1976,910389500
China,CHN,1977,998608500
China,CHN,1978,1117446800
China,CHN,1979,1147547400
China,CHN,1980,1122664300
China,CHN,1981,1125004800
China,CHN,1982,1248856000
China,CHN,1983,1321843100
China,CHN,1984,1454197600
China,CHN,1985,1584511500
China,CHN,1986,1657391400
China,CHN,1987,1770268900
China,CHN,1988,1892697900
China,CHN,1989,1920239400
China,CHN,1990,1976684000
China,CHN,1991,2049920100
China,CHN,1992,2114715100
China,CHN,1993,2228745500
China,CHN,1994,2380586000
China,CHN,1995,2569753600
China,CHN,1996,2660401200
China,CHN,1997,2609555700
China,CHN,1998,2444771000
China,CHN,1999,2580992300
China,CHN,2000,2601762600
China,CHN,2001,2637651500
China,CHN,2002,3018637600
China,CHN,2003,3601711900
China,CHN,2004,3835288300
China,CHN,2005,4424353300
China,CHN,2006,4905366500
China,CHN,2007,5289874400
China,CHN,2008,5729473000
China,CHN,2009,6028489000
China,CHN,2010,6568743000
China,CHN,2011,7309709300
China,CHN,2012,7464744000
China,CHN,2013,7493408000
China,CHN,2014,7424993300
China,CHN,2015,7266920400
China,CHN,2016,7071355000
China,CHN,2017,7163255300
China,CHN,2018,7316367000
China,CHN,2019,7523024000
China,CHN,2020,7679484000
China,CHN,2021,8141342000
China,CHN,2022,8168899600
China,CHN,2023,8550844000
Germany,DEU,1792,468992
Germany,DEU,1793,479984
Germany,DEU,1794,443344
Germany,DEU,1795,447008
Germany,DEU,1796,534944
Germany,DEU,1797,549600
Germany,DEU,1798,575248
Germany,DEU,1799,626544
Germany,DEU,1800,795088
Germany,DEU,1801,534944
Germany,DEU,1802,553264
Germany,DEU,1803,534944
Germany,DEU,1804,1007599.94
Germany,DEU,1805,1040576
Germany,DEU,1806,937984
Germany,DEU,1807,2689376
Germany,DEU,1808,897680
Germany,DEU,1809,930656
Germany,DEU,1810,978288
Germany,DEU,1811,926992
Germany,DEU,1812,912336
Germany,DEU,1813,890352
Germany,DEU,1814,883024
Germany,DEU,1815,1029584.06
Germany,DEU,1816,2385264
Germany,DEU,1817,3381872
Germany,DEU,1818,3532096
Germany,DEU,1819,3275616
Germany,DEU,1820,3381872
Germany,DEU,1821,3532096
Germany,DEU,1822,3631024
Germany,DEU,1823,4034063.8
Germany,DEU,1824,3231648
Germany,DEU,1825,4338176
Germany,DEU,1826,4187952
Germany,DEU,1827,4539696
Germany,DEU,1828,4539696
Germany,DEU,1829,3631024
Germany,DEU,1830,4792512
Germany,DEU,1831,4590992
Germany,DEU,1832,3447824
Germany,DEU,1833,4378480
Germany,DEU,1834,4411456
Germany,DEU,1835,4931744
Germany,DEU,1836,5191888
Germany,DEU,1837,5950336
Germany,DEU,1838,6631840
Germany,DEU,1839,7020224
Germany,DEU,1840,9174656
Germany,DEU,1841,9548384
Germany,DEU,1842,10882080
Germany,DEU,1843,10299504
Germany,DEU,1844,10882080
Germany,DEU,1845,12611488
Germany,DEU,1846,13186736
Germany,DEU,1847,13838928
Germany,DEU,1848,12827664
Germany,DEU,1849,13622752
Germany,DEU,1850,15139648
Germany,DEU,1851,16869056
Germany,DEU,1852,19173712
Germany,DEU,1853,20760224
Germany,DEU,1854,24365600
Germany,DEU,1855,28615840
Germany,DEU,1856,30924160
Germany,DEU,1857,32939362
Germany,DEU,1858,35610416
Germany,DEU,1859,33807730
Germany,DEU,1860,36394510
Germany,DEU,1861,41329920
Germany,DEU,1862,45539856
Germany,DEU,1863,49383390
Germany,DEU,1864,56641776
Germany,DEU,1865,63431170
Germany,DEU,1866,62804624
Germany,DEU,1867,68967470
Germany,DEU,1868,74148370
Germany,DEU,1869,77314060
Germany,DEU,1870,76346750
Germany,DEU,1871,84964500
Germany,DEU,1872,91724590
Germany,DEU,1873,97832460
Germany,DEU,1874,71114580
Germany,DEU,1875,100899230
Germany,DEU,1876,102786170
Germany,DEU,1877,100532830
Germany,DEU,1878,103771810
Germany,DEU,1879,110066560
Germany,DEU,1880,123846860
Germany,DEU,1881,133358616
Germany,DEU,1882,142588220
Germany,DEU,1883,151946080
Germany,DEU,1884,156086400
Germany,DEU,1885,159684480
Germany,DEU,1886,161659340
Germany,DEU,1887,168796820
Germany,DEU,1888,184581330
Germany,DEU,1889,196899660
Germany,DEU,1890,206202600
Germany,DEU,1891,218718860
Germany,DEU,1892,212665920
Germany,DEU,1893,218323100
Germany,DEU,1894,227039710
Germany,DEU,1895,235745390
Germany,DEU,1896,253578160
Germany,DEU,1897,270736640
Germany,DEU,1898,282520030
Germany,DEU,1899,300407650
Germany,DEU,1900,323729060
Germany,DEU,1901,322578560
Germany,DEU,1902,316155550
Germany,DEU,1903,340400200
Germany,DEU,1904,352839580
Germany,DEU,1905,379139740
Germany,DEU,1906,358709280
Germany,DEU,1907,438723680
Germany,DEU,1908,442981250
Germany,DEU,1909,442134900
Germany,DEU,1910,441827100
Germany,DEU,1911,455138430
Germany,DEU,1912,495277540
Germany,DEU,1913,531540160
Germany,DEU,1914,497589500
Germany,DEU,1915,462602000
Germany,DEU,1916,500410780
Germany,DEU,1917,524300060
Germany,DEU,1918,503305340
Germany,DEU,1919,387314100
Germany,DEU,1920,429102000
Germany,DEU,1921,473062720
Germany,DEU,1922,455332600
Germany,DEU,1923,331771550
Germany,DEU,1924,451613630
Germany,DEU,1925,457824130
Germany,DEU,1926,412943780
Germany,DEU,1927,481185800
Germany,DEU,1928,501198560
Germany,DEU,1929,535673150
Germany,DEU,1930,459289730
Germany,DEU,1931,384067800
Germany,DEU,1932,346057470
Germany,DEU,1933,363036450
Germany,DEU,1934,405088160
Germany,DEU,1935,446641600
Germany,DEU,1936,492445300
Germany,DEU,1937,555858100
Germany,DEU,1938,591659100
Germany,DEU,1939,639397300
Germany,DEU,1940,645746940
Germany,DEU,1941,652393500
Germany,DEU,1942,661989570
Germany,DEU,1943,672747000
Germany,DEU,1944,597928200
Germany,DEU,1945,114258180
Germany,DEU,1946,268241460
Germany,DEU,1947,314253950
Germany,DEU,1948,364809820
Germany,DEU,1949,421371000
Germany,DEU,1950,496900700
Germany,DEU,1951,558774400
Germany,DEU,1952,590362100
Germany,DEU,1953,597187840
Germany,DEU,1954,625474100
Germany,DEU,1955,682295230
Germany,DEU,1956,715128300
Germany,DEU,1957,720170500
Germany,DEU,1958,688729100
Germany,DEU,1959,670654460
Germany,DEU,1960,707213800
Germany,DEU,1961,711644600
Germany,DEU,1962,732012860
Germany,DEU,1963,761687000
Germany,DEU,1964,755614900
Germany,DEU,1965,716916540
Germany,DEU,1966,680103360
Germany,DEU,1967,653866430
Germany,DEU,1968,659625100
Germany,DEU,1969,686182900
Germany,DEU,1970,603233660
Germany,DEU,1971,588132200
Germany,DEU,1972,553577150
Germany,DEU,1973,561925700
Germany,DEU,1974,565844200
Germany,DEU,1975,515979140
Germany,DEU,1976,555971700
Germany,DEU,1977,516647780
Germany,DEU,1978,523741280
Germany,DEU,1979,549173100
Germany,DEU,1980,551175550
Germany,DEU,1981,557748740
Germany,DEU,1982,550812800
Germany,DEU,1983,553738400
Germany,DEU,1984,572331460
Germany,DEU,1985,579375700
Germany,DEU,1986,573762100
Germany,DEU,1987,560223940
Germany,DEU,1988,552861000
Germany,DEU,1989,546778750
Germany,DEU,1990,569116700
Germany,DEU,1991,504042600
Germany,DEU,1992,454310530
Germany,DEU,1993,430776160
Germany,DEU,1994,418185020
Germany,DEU,1995,406046200
Germany,DEU,1996,400612700
Germany,DEU,1997,386864450
Germany,DEU,1998,377479900
Germany,DEU,1999,360052200
Germany,DEU,2000,373460540
Germany,DEU,2001,376520320
Germany,DEU,2002,375786100
Germany,DEU,2003,378305280
Germany,DEU,2004,374907840
Germany,DEU,2005,361974620
Germany,DEU,2006,367652960
Germany,DEU,2007,376715140
Germany,DEU,2008,353581340
Germany,DEU,2009,316279900
Germany,DEU,2010,341311230
Germany,DEU,2011,339624480
Germany,DEU,2012,350039300
Germany,DEU,2013,357253860
Germany,DEU,2014,344722460
Germany,DEU,2015,341117470
Germany,DEU,2016,329435650
Germany,DEU,2017,312692320
Germany,DEU,2018,296870620
Germany,DEU,2019,240113970
Germany,DEU,2020,198530190
Germany,DEU,2021,232149180
Germany,DEU,2022,240640270
Germany,DEU,2023,188477460
India,IND,1858,394488
India,IND,1859,636485
India,IND,1860,643115
India,IND,1861,497254
India,IND,1862,550294
India,IND,1863,609965
India,IND,1864,576814
India,IND,1865,566869
India,IND,1866,639800
India,IND,1878,1766908
India,IND,1879,1611102
India,IND,1880,1776853
India,IND,1881,1740226
India,IND,1882,1969125
India,IND,1883,2290682
India,IND,1884,2433228
India,IND,1885,2254217
India,IND,1886,2416653
India,IND,1887,2721975
India,IND,1888,2973965
India,IND,1889,3387955
India,IND,1890,3775813
India,IND,1891,4054275
India,IND,1892,4416095
India,IND,1893,4459306
India,IND,1894,4909552
India,IND,1895,6162254
India,IND,1896,6702619
India,IND,1897,7080893
India,IND,1898,8022726
India,IND,1899,8871006
India,IND,1900,10654489
India,IND,1901,11552861
India,IND,1902,12925613
India,IND,1903,12951801
India,IND,1904,14307646
India,IND,1905,14659039
India,IND,1906,17035912
India,IND,1907,19412784
India,IND,1908,22237184
India,IND,1909,20669180
India,IND,1910,20977476
India,IND,1911,22144366
India,IND,1912,25608566
India,IND,1913,28224120
India,IND,1914,28671358
India,IND,1915,29785498
India,IND,1916,30044382
India,IND,1917,31714842
India,IND,1918,36087356
India,IND,1919,39402630
India,IND,1920,31277258
India,IND,1921,33614348
India,IND,1922,33104148
India,IND,1923,34230944
India,IND,1924,36879372
India,IND,1925,36399252
India,IND,1926,36568036
India,IND,1927,38454284
India,IND,1928,39256524
India,IND,1929,40781430
India,IND,1930,41451068
India,IND,1931,37814490
India,IND,1932,35092850
India,IND,1933,34459684
India,IND,1934,38411190
India,IND,1935,40081964
India,IND,1936,39375864
India,IND,1937,43599204
India,IND,1938,49357404
India,IND,1939,48359524
India,IND,1940,51177350
India,IND,1941,51309950
India,IND,1942,51253596
India,IND,1943,44427820
India,IND,1944,45498576
India,IND,1945,50792810
India,IND,1946,50322076
India,IND,1947,51667890
India,IND,1948,51628190
India,IND,1949,54323310
India,IND,1950,52559716
India,IND,1951,54512264
India,IND,1952,58029932
India,IND,1953,59067108
India,IND,1954,60592020
India,IND,1955,63711460
India,IND,1956,65156810
India,IND,1957,72837720
India,IND,1958,75818570
India,IND,1959,79523470
India,IND,1960,87877990
India,IND,1961,94885304
India,IND,1962,103260376
India,IND,1963,110420160
India,IND,1964,105924250
India,IND,1965,116456080
India,IND,1966,116983900
India,IND,1967,119095576
India,IND,1968,123826120
India,IND,1969,123367700
India,IND,1970,123550970
India,IND,1971,126966500
India,IND,1972,134376780
India,IND,1973,137808880
India,IND,1974,145638980
India,IND,1975,161337970
India,IND,1976,168920400
India,IND,1977,177509630
India,IND,1978,174688540
India,IND,1979,180622430
India,IND,1980,197336780
India,IND,1981,210305170
India,IND,1982,213122940
India,IND,1983,232519150
India,IND,1984,231492600
India,IND,1985,253288910
India,IND,1986,273171300
India,IND,1987,291855900
India,IND,1988,317171620
India,IND,1989,339625440
India,IND,1990,366513570
India,IND,1991,393042560
India,IND,1992,411414460
India,IND,1993,433121250
India,IND,1994,455719740
India,IND,1995,471722560
India,IND,1996,504498240
India,IND,1997,527722100
India,IND,1998,524125300
India,IND,1999,560527600
India,IND,2000,572876000
India,IND,2001,582080600
India,IND,2002,598597300
India,IND,2003,625889900
India,IND,2004,669967700
India,IND,2005,721468700
India,IND,2006,773564350
India,IND,2007,842477060
India,IND,2008,910795260
India,IND,2009,983946900
India,IND,2010,1015983040
India,IND,2011,1074385000
India,IND,2012,1206451800
India,IND,2013,1276383400
India,IND,2014,1407057000
India,IND,2015,1449586600
India,IND,2016,1499401100
India,IND,2017,1551256000
India,IND,2018,1668317800
India,IND,2019,1661940100
India,IND,2020,1561798900
India,IND,2021,1767296500
India,IND,2022,1855854100
India,IND,2023,2032011900
South Africa,ZAF,1884,21984
South Africa,ZAF,1885,36640
South Africa,ZAF,1886,47632
South Africa,ZAF,1887,47632
South Africa,ZAF,1888,80608
South Africa,ZAF,1889,131904
South Africa,ZAF,1890,296784
South Africa,ZAF,1891,296784
South Africa,ZAF,1892,479984
South Africa,ZAF,1893,1799024
South Africa,ZAF,1894,2432896
South Africa,ZAF,1895,3337904
South Africa,ZAF,1896,4257568
South Africa,ZAF,1897,4777856
South Africa,ZAF,1898,6049264
South Africa,ZAF,1899,5517984
South Africa,ZAF,1900,2330304
South Africa,ZAF,1901,3909488
South Africa,ZAF,1902,5825760
South Africa,ZAF,1903,7782336
South Africa,ZAF,1904,8767952
South Africa,ZAF,1905,10028368
South Africa,ZAF,1906,11464656
South Africa,ZAF,1907,12651792
South Africa,ZAF,1908,13007200
South Africa,ZAF,1909,14974768
South Africa,ZAF,1910,16978976
South Africa,ZAF,1911,16341440
South Africa,ZAF,1912,17349040
South Africa,ZAF,1913,18983184
South Africa,ZAF,1914,18400608
South Africa,ZAF,1915,18510528
South Africa,ZAF,1916,21811792
South Africa,ZAF,1917,23339680
South Africa,ZAF,1918,22222160
South Africa,ZAF,1919,23138160
South Africa,ZAF,1920,25666320
South Africa,ZAF,1921,25413504
South Africa,ZAF,1922,21786144
South Africa,ZAF,1923,26443088
South Africa,ZAF,1924,27776784
South Africa,ZAF,1925,28952928
South Africa,ZAF,1926,30429520
South Africa,ZAF,1927,29561152
South Africa,ZAF,1928,29623440
South Africa,ZAF,1929,30590736
South Africa,ZAF,1930,28722096
South Africa,ZAF,1931,25567392
South Africa,ZAF,1932,23314032
South Africa,ZAF,1933,25179008
South Africa,ZAF,1934,28656116
South Africa,ZAF,1935,31895120
South Africa,ZAF,1936,34877616
South Africa,ZAF,1937,36401840
South Africa,ZAF,1938,38266816
South Africa,ZAF,1939,39688450
South Africa,ZAF,1940,41106416
South Africa,ZAF,1941,43894720
South Africa,ZAF,1942,47954430
South Africa,ZAF,1943,48309876
South Africa,ZAF,1944,54014690
South Africa,ZAF,1945,55348384
South Africa,ZAF,1946,55461970
South Africa,ZAF,1947,55216480
South Africa,ZAF,1948,56451250
South Africa,ZAF,1949,59913690
South Africa,ZAF,1950,55172160
South Africa,ZAF,1951,58528364
South Africa,ZAF,1952,63903824
South Africa,ZAF,1953,63885504
South Africa,ZAF,1954,66054976
South Africa,ZAF,1955,74152030
South Africa,ZAF,1956,77526580
South Africa,ZAF,1957,80344580
South Africa,ZAF,1958,85711950
South Africa,ZAF,1959,84521150
South Africa,ZAF,1960,87438090
South Africa,ZAF,1961,90471490
South Africa,ZAF,1962,93263020
South Africa,ZAF,1963,96604584
South Africa,ZAF,1964,102551700
South Africa,ZAF,1965,111099810
South Africa,ZAF,1966,109047416
South Africa,ZAF,1967,112906160
South Africa,ZAF,1968,118474920
South Africa,ZAF,1969,120710480
South Africa,ZAF,1970,123894500
South Africa,ZAF,1971,133424560
South Africa,ZAF,1972,137862380
South Africa,ZAF,1973,137241680
South Africa,ZAF,1974,140345860
South Africa,ZAF,1975,144472320
South Africa,ZAF,1976,151759220
South Africa,ZAF,1977,158596240
South Africa,ZAF,1978,161538430
South Africa,ZAF,1979,179979340
South Africa,ZAF,1980,194060100
South Africa,ZAF,1981,218146690
South Africa,ZAF,1982,230754420
South Africa,ZAF,1983,239823460
South Africa,ZAF,1984,264775300
South Africa,ZAF,1985,273528600
South Africa,ZAF,1986,280295460
South Africa,ZAF,1987,283978800
South Africa,ZAF,1988,293665920
South Africa,ZAF,1989,283952670
South Africa,ZAF,1990,265097710
South Africa,ZAF,1991,277712900
South Africa,ZAF,1992,259667700
South Africa,ZAF,1993,289723500
South Africa,ZAF,1994,299201820
South Africa,ZAF,1995,319530100
South Africa,ZAF,1996,324110100
South Africa,ZAF,1997,333295740
South Africa,ZAF,1998,325821200
South Africa,ZAF,1999,336747260
South Africa,ZAF,2000,337883070
South Africa,ZAF,2001,337692580
South Africa,ZAF,2002,325528060
South Africa,ZAF,2003,357444770
South Africa,ZAF,2004,384086100
South Africa,ZAF,2005,376717820
South Africa,ZAF,2006,382016500
South Africa,ZAF,2007,392172000
South Africa,ZAF,2008,418300000
South Africa,ZAF,2009,390674020
South Africa,ZAF,2010,394436930
South Africa,ZAF,2011,389670080
South Africa,ZAF,2012,392821120
South Africa,ZAF,2013,392663550
South Africa,ZAF,2014,399203800
South Africa,ZAF,2015,377025600
South Africa,ZAF,2016,384492830
South Africa,ZAF,2017,369921120
South Africa,ZAF,2018,355114880
South Africa,ZAF,2019,394345340
South Africa,ZAF,2020,373889200
South Africa,ZAF,2021,355642500
South Africa,ZAF,2022,335073500
South Africa,ZAF,2023,329772960
United Kingdom,GBR,1750,9305937
United Kingdom,GBR,1751,9407229
United Kingdom,GBR,1752,9505168
United Kingdom,GBR,1753,9610490
United Kingdom,GBR,1754,9733580
United Kingdom,GBR,1755,9793468
United Kingdom,GBR,1756,9909914
United Kingdom,GBR,1757,10093936
United Kingdom,GBR,1758,10216358
United Kingdom,GBR,1759,10338854
United Kingdom,GBR,1760,10514331
United Kingdom,GBR,1761,10747885
United Kingdom,GBR,1762,10952198
United Kingdom,GBR,1763,11191592
United Kingdom,GBR,1764,11396982
United Kingdom,GBR,1765,11643486
United Kingdom,GBR,1766,11876080
United Kingdom,GBR,1767,12152509
United Kingdom,GBR,1768,12466936
United Kingdom,GBR,1769,12780074
United Kingdom,GBR,1770,13097216
United Kingdom,GBR,1771,13369488
United Kingdom,GBR,1772,13623507
United Kingdom,GBR,1773,13808138
United Kingdom,GBR,1774,14012415
United Kingdom,GBR,1775,14338920
United Kingdom,GBR,1776,14654124
United Kingdom,GBR,1777,14959537
United Kingdom,GBR,1778,15243483
United Kingdom,GBR,1779,15535235
United Kingdom,GBR,1780,15878726
United Kingdom,GBR,1781,16234383
United Kingdom,GBR,1782,16580954
United Kingdom,GBR,1783,17062752
United Kingdom,GBR,1784,17471092
United Kingdom,GBR,1785,17961464
United Kingdom,GBR,1786,18443832
United Kingdom,GBR,1787,18855466
United Kingdom,GBR,1788,19282564
United Kingdom,GBR,1789,19859760
United Kingdom,GBR,1790,20394430
United Kingdom,GBR,1791,20928086
United Kingdom,GBR,1792,21456558
United Kingdom,GBR,1793,21813614
United Kingdom,GBR,1794,22072648
United Kingdom,GBR,1795,21864574
United Kingdom,GBR,1796,21582768
United Kingdom,GBR,1797,21536814
United Kingdom,GBR,1798,22527018
United Kingdom,GBR,1799,26855000
United Kingdom,GBR,1800,31340080
United Kingdom,GBR,1801,30736626
United Kingdom,GBR,1802,30377368
United Kingdom,GBR,1803,28241450
United Kingdom,GBR,1804,27790074
United Kingdom,GBR,1805,29295006
United Kingdom,GBR,1806,30908602
United Kingdom,GBR,1807,32583656
United Kingdom,GBR,1808,33701640
United Kingdom,GBR,1809,34522536
United Kingdom,GBR,1810,35402028
United Kingdom,GBR,1811,36155070
United Kingdom,GBR,1812,36741616
United Kingdom,GBR,1813,37359772
United Kingdom,GBR,1814,38181804
United Kingdom,GBR,1815,39019170
United Kingdom,GBR,1816,39265496
United Kingdom,GBR,1817,41766344
United Kingdom,GBR,1818,43769000
United Kingdom,GBR,1819,43316496
United Kingdom,GBR,1820,42567188
United Kingdom,GBR,1821,43493436
United Kingdom,GBR,1822,45073956
United Kingdom,GBR,1823,46676420
United Kingdom,GBR,1824,48136788
United Kingdom,GBR,1825,49563788
United Kingdom,GBR,1826,50101644
United Kingdom,GBR,1827,52047628
United Kingdom,GBR,1828,52630228
United Kingdom,GBR,1829,53242880
United Kingdom,GBR,1830,67724220
United Kingdom,GBR,1831,64486136
United Kingdom,GBR,1832,62558720
United Kingdom,GBR,1833,61924740
United Kingdom,GBR,1834,65802124
United Kingdom,GBR,1835,72197420
United Kingdom,GBR,1836,78544550
United Kingdom,GBR,1837,75253620
United Kingdom,GBR,1838,73585960
United Kingdom,GBR,1839,75786170
United Kingdom,GBR,1840,80790880
United Kingdom,GBR,1841,81330410
United Kingdom,GBR,1842,85193130
United Kingdom,GBR,1843,88569550
United Kingdom,GBR,1844,93955130
United Kingdom,GBR,1845,99778424
United Kingdom,GBR,1846,95493680
United Kingdom,GBR,1847,101822930
United Kingdom,GBR,1848,108978020
United Kingdom,GBR,1849,117350130
United Kingdom,GBR,1850,122350150
United Kingdom,GBR,1851,116411176
United Kingdom,GBR,1852,115997620
United Kingdom,GBR,1853,115358070
United Kingdom,GBR,1854,139012290
United Kingdom,GBR,1855,130169360
United Kingdom,GBR,1856,140081200
United Kingdom,GBR,1857,137565950
United Kingdom,GBR,1858,134822450
United Kingdom,GBR,1859,149699280
United Kingdom,GBR,1860,167950430
United Kingdom,GBR,1861,175043940
United Kingdom,GBR,1862,169408700
United Kingdom,GBR,1863,180136900
United Kingdom,GBR,1864,193858580
United Kingdom,GBR,1865,205451470
United Kingdom,GBR,1866,211654620
United Kingdom,GBR,1867,217319170
United Kingdom,GBR,1868,213167860
United Kingdom,GBR,1869,223639570
United Kingdom,GBR,1870,228410100
United Kingdom,GBR,1871,241930260
United Kingdom,GBR,1872,254911800
United Kingdom,GBR,1873,264460210
United Kingdom,GBR,1874,256930670
United Kingdom,GBR,1875,271253280
United Kingdom,GBR,1876,270718300
United Kingdom,GBR,1877,275492480
United Kingdom,GBR,1878,270612060
United Kingdom,GBR,1879,272128930
United Kingdom,GBR,1880,296659420
United Kingdom,GBR,1881,311604900
United Kingdom,GBR,1882,314250270
United Kingdom,GBR,1883,326887420
United Kingdom,GBR,1884,318463870
United Kingdom,GBR,1885,314404160
United Kingdom,GBR,1886,311575550
United Kingdom,GBR,1887,319515460
United Kingdom,GBR,1888,332035330
United Kingdom,GBR,1889,343789470
United Kingdom,GBR,1890,351762300
United Kingdom,GBR,1891,358907140
United Kingdom,GBR,1892,351447200
United Kingdom,GBR,1893,314352860
United Kingdom,GBR,1894,360149220
United Kingdom,GBR,1895,363428480
United Kingdom,GBR,1896,373706000
United Kingdom,GBR,1897,383745380
United Kingdom,GBR,1898,384247360
United Kingdom,GBR,1899,411676060
United Kingdom,GBR,1900,416684740
United Kingdom,GBR,1901,407660320
United Kingdom,GBR,1902,423224960
United Kingdom,GBR,1903,426559200
United Kingdom,GBR,1904,428372900
United Kingdom,GBR,1905,434077760
United Kingdom,GBR,1906,449763330
United Kingdom,GBR,1907,469922660
United Kingdom,GBR,1908,457846100
United Kingdom,GBR,1909,461795900
United Kingdom,GBR,1910,465591800
United Kingdom,GBR,1911,476968540
United Kingdom,GBR,1912,450921150
United Kingdom,GBR,1913,492470900
United Kingdom,GBR,1914,475433300
United Kingdom,GBR,1915,482427870
United Kingdom,GBR,1916,501660220
United Kingdom,GBR,1917,491261730
United Kingdom,GBR,1918,450976100
United Kingdom,GBR,1919,447579600
United Kingdom,GBR,1920,470750720
United Kingdom,GBR,1921,318870600
United Kingdom,GBR,1922,426592200
United Kingdom,GBR,1923,452207170
United Kingdom,GBR,1924,472135700
United Kingdom,GBR,1925,445238240
United Kingdom,GBR,1926,241534540
United Kingdom,GBR,1927,460381600
United Kingdom,GBR,1928,431197860
United Kingdom,GBR,1929,454713380
United Kingdom,GBR,1930,434847230
United Kingdom,GBR,1931,406553760
United Kingdom,GBR,1932,390765660
United Kingdom,GBR,1933,386647260
United Kingdom,GBR,1934,416611460
United Kingdom,GBR,1935,422283330
United Kingdom,GBR,1936,446190850
United Kingdom,GBR,1937,460315700
United Kingdom,GBR,1938,439800830
United Kingdom,GBR,1939,447352420
United Kingdom,GBR,1940,470893630
United Kingdom,GBR,1941,463092900
United Kingdom,GBR,1942,463360450
United Kingdom,GBR,1943,449444500
United Kingdom,GBR,1944,437551170
United Kingdom,GBR,1945,412929150
United Kingdom,GBR,1946,427119800
United Kingdom,GBR,1947,451921500
United Kingdom,GBR,1948,457750850
United Kingdom,GBR,1949,463045300
United Kingdom,GBR,1950,453925280
United Kingdom,GBR,1951,486054850
United Kingdom,GBR,1952,469747200
United Kingdom,GBR,1953,478419460
United Kingdom,GBR,1954,483959460
United Kingdom,GBR,1955,499933120
United Kingdom,GBR,1956,494885500
United Kingdom,GBR,1957,482581800
United Kingdom,GBR,1958,458868380
United Kingdom,GBR,1959,425558700
United Kingdom,GBR,1960,448052260
United Kingdom,GBR,1961,442882340
United Kingdom,GBR,1962,437313060
United Kingdom,GBR,1963,439306560
United Kingdom,GBR,1964,426243000
United Kingdom,GBR,1965,422268670
United Kingdom,GBR,1966,403344130
United Kingdom,GBR,1967,368478880
United Kingdom,GBR,1968,370300740
United Kingdom,GBR,1969,367944060
United Kingdom,GBR,1970,352909150
United Kingdom,GBR,1971,341418850
United Kingdom,GBR,1972,293154620
United Kingdom,GBR,1973,295860670
United Kingdom,GBR,1974,263375650
United Kingdom,GBR,1975,276199650
United Kingdom,GBR,1976,274968540
United Kingdom,GBR,1977,271090400
United Kingdom,GBR,1978,259145810
United Kingdom,GBR,1979,281572670
United Kingdom,GBR,1980,260719230
United Kingdom,GBR,1981,261417230
United Kingdom,GBR,1982,244751360
United Kingdom,GBR,1983,247234060
United Kingdom,GBR,1984,177559260
United Kingdom,GBR,1985,234314930
United Kingdom,GBR,1986,248487220
United Kingdom,GBR,1987,259297600
United Kingdom,GBR,1988,249779400
United Kingdom,GBR,1989,245895040
United Kingdom,GBR,1990,252689660
United Kingdom,GBR,1991,253622510
United Kingdom,GBR,1992,237746930
United Kingdom,GBR,1993,207685860
United Kingdom,GBR,1994,195375630
United Kingdom,GBR,1995,181699260
United Kingdom,GBR,1996,173071520
United Kingdom,GBR,1997,154728660
United Kingdom,GBR,1998,154087840
United Kingdom,GBR,1999,138313400
United Kingdom,GBR,2000,144443090
United Kingdom,GBR,2001,153533660
United Kingdom,GBR,2002,141691090
United Kingdom,GBR,2003,153102780
United Kingdom,GBR,2004,147662290
United Kingdom,GBR,2005,148032660
United Kingdom,GBR,2006,160843760
United Kingdom,GBR,2007,150843500
United Kingdom,GBR,2008,139219100
United Kingdom,GBR,2009,113823150
United Kingdom,GBR,2010,118030370
United Kingdom,GBR,2011,117149670
United Kingdom,GBR,2012,148005460
United Kingdom,GBR,2013,142456580
United Kingdom,GBR,2014,115433544
United Kingdom,GBR,2015,91548020
United Kingdom,GBR,2016,47824616
United Kingdom,GBR,2017,39128800
United Kingdom,GBR,2018,33280250
United Kingdom,GBR,2019,24512704
United Kingdom,GBR,2020,22809404
United Kingdom,GBR,2021,23738794
United Kingdom,GBR,2022,19665548
United Kingdom,GBR,2023,17556306
United States,USA,1800,252815.98
United States,USA,1801,267472
United States,USA,1802,289456
United States,USA,1803,296784
United States,USA,1804,333424
United States,USA,1805,340752
United States,USA,1806,333424
United States,USA,1807,377392
United States,USA,1808,392048
United States,USA,1809,403040
United States,USA,1810,417696
United States,USA,1811,447008
United States,USA,1812,483648
United States,USA,1813,520288
United States,USA,1814,560592
United States,USA,1815,600896
United States,USA,1816,663184
United States,USA,1817,718144
United States,USA,1818,780432
United States,USA,1819,762112
United States,USA,1820,791424
United States,USA,1821,828064
United States,USA,1822,864704
United States,USA,1823,901344
United States,USA,1824,1014928
United States,USA,1825,1135840
United States,USA,1826,1315376
United States,USA,1827,1447280
United States,USA,1828,1593840
United States,USA,1829,1795360
United States,USA,1830,2088480
United States,USA,1831,2264352
United States,USA,1832,3022800
United States,USA,1833,3528432
United States,USA,1834,3381872
United States,USA,1835,4316192
United States,USA,1836,4730224
United States,USA,1837,5305472
United States,USA,1838,5030672
United States,USA,1839,5517984
United States,USA,1840,5873392
United States,USA,1841,6214144
United States,USA,1842,6917632
United States,USA,1843,7764016
United States,USA,1844,9306560
United States,USA,1845,11204512
United States,USA,1846,12710416
United States,USA,1847,15070032
United States,USA,1848,16784784
United States,USA,1849,18221072
United States,USA,1850,19792928
United States,USA,1851,24633072
United States,USA,1852,26791168
United States,USA,1853,30162048
United States,USA,1854,33159198
United States,USA,1855,38160560
United States,USA,1856,40036530
United States,USA,1857,41055120
United States,USA,1858,41648690
United States,USA,1859,45320016
United States,USA,1860,47236270
United States,USA,1861,44818050
United States,USA,1862,46199470
United States,USA,1863,53743550
United States,USA,1864,57792270
United States,USA,1865,57799600
United States,USA,1866,57762960
United States,USA,1867,71499230
United States,USA,1868,80860820
United States,USA,1869,91970060
United States,USA,1870,96572050
United States,USA,1871,101001820
United States,USA,1872,123894500
United States,USA,1873,135655940
United States,USA,1874,129973070
United States,USA,1875,132318040
United States,USA,1876,129335630
United States,USA,1877,141998450
United States,USA,1878,137847000
United States,USA,1879,167606020
United States,USA,1880,188300290
United States,USA,1881,199277630
United States,USA,1882,223262180
United States,USA,1883,244495200
United States,USA,1884,257300750
United States,USA,1885,260312530
United States,USA,1886,269062180
United States,USA,1887,284824700
United States,USA,1888,346574100
United States,USA,1889,309776540
United States,USA,1890,372269980
United States,USA,1891,397225200
United States,USA,1892,423045440
United States,USA,1893,428105440
United States,USA,1894,399375800
United States,USA,1895,452372320
United States,USA,1896,450195940
United States,USA,1897,469464860
United States,USA,1898,515352600
United States,USA,1899,592450500
United States,USA,1900,626544000
United States,USA,1901,681540700
United States,USA,1902,715930940
United States,USA,1903,840041600
United States,USA,1904,818270400
United States,USA,1905,913479200
United States,USA,1906,964049660
United States,USA,1907,1115248500
United States,USA,1908,959762800
United States,USA,1909,1066608800
United States,USA,1910,1160396200
United States,USA,1911,1143127700
United States,USA,1912,1224395300
United States,USA,1913,1304578300
United States,USA,1914,1172135700
United States,USA,1915,1213597400
United States,USA,1916,1345442700
United States,USA,1917,1481644700
United States,USA,1918,1551136100
United States,USA,1919,1261251300
United States,USA,1920,1465534100
United States,USA,1921,1142651400
United States,USA,1922,1112891600
United States,USA,1923,1509469000
United States,USA,1924,1313206900
United States,USA,1925,1340480900
United States,USA,1926,1477932900
United States,USA,1927,1376693000
United States,USA,1928,1330157600
United States,USA,1929,1404589700
United States,USA,1930,1238165500
United States,USA,1931,1021481700
United States,USA,1932,834232960
United States,USA,1933,889861000
United States,USA,1934,963920260
United States,USA,1935,982155970
United States,USA,1936,1143798300
United States,USA,1937,1144951000
United States,USA,1938,906793800
United States,USA,1939,1024987900
United States,USA,1940,1168881900
United States,USA,1941,1294762400
United States,USA,1942,1458596900
United States,USA,1943,1470802800
United States,USA,1944,1545850200
United States,USA,1945,1421423100
United States,USA,1946,1298758100
United States,USA,1947,1449230700
United States,USA,1948,1433190300
United States,USA,1949,1063102300
United States,USA,1950,1257231900
United States,USA,1951,1211598500
United States,USA,1952,1074173300
United States,USA,1953,1065955100
United States,USA,1954,913446140
United States,USA,1955,1026221800
United States,USA,1956,1068357760
United States,USA,1957,1024080700
United States,USA,1958,888344100
United States,USA,1959,910977860
United States,USA,1960,917963900
United States,USA,1961,887442800
United States,USA,1962,920818200
United States,USA,1963,987008300
United States,USA,1964,1049176640
United States,USA,1965,1090618900
United States,USA,1966,1132718200
United States,USA,1967,1163048800
United States,USA,1968,1139603000
United States,USA,1969,1157999900
United States,USA,1970,1168090600
United States,USA,1971,1107406300
United States,USA,1972,1124840700
United States,USA,1973,1220714000
United States,USA,1974,1199352000
United States,USA,1975,1195102100
United States,USA,1976,1281249000
United States,USA,1977,1315802000
United States,USA,1978,1314266000
United States,USA,1979,1427550100
United States,USA,1980,1453891000
United States,USA,1981,1503036900
United States,USA,1982,1449193000
United States,USA,1983,1504910100
United States,USA,1984,1616224000
United States,USA,1985,1655150100
United States,USA,1986,1635859100
United States,USA,1987,1709615000
United States,USA,1988,1792863000
United States,USA,1989,1813281900
United States,USA,1990,1814536600
United States,USA,1991,1797157100
United States,USA,1992,1817280900
United States,USA,1993,1879595600
United States,USA,1994,1894401800
United States,USA,1995,1913401200
United States,USA,1996,1993564200
United States,USA,1997,2038751500
United States,USA,1998,2062837600
United States,USA,1999,2063366300
United States,USA,2000,2163591400
United States,USA,2001,2099727700
United States,USA,2002,2103809300
United States,USA,2003,2144085900
United States,USA,2004,2164412200
United States,USA,2005,2188336600
United States,USA,2006,2152560000
United States,USA,2007,2175032800
United States,USA,2008,2135889700
United States,USA,2009,1872385800
United States,USA,2010,1982953900
United States,USA,2011,1873284000
United States,USA,2012,1658491300
United States,USA,2013,1720408300
United States,USA,2014,1710593500
United States,USA,2015,1479144800
United States,USA,2016,1347943300
United States,USA,2017,1308715900
United States,USA,2018,1256631000
United States,USA,2019,1071665660
United States,USA,2020,877920300
United States,USA,2021,1004759500
United States,USA,2022,942357400
United States,USA,2023,776767170