Entity,Code,Year,Annual CO₂ emissions from flaring
Australia,AUS,1750,0
Australia,AUS,1751,0
Australia,AUS,1752,0
Australia,AUS,1753,0
Australia,AUS,1754,0
Australia,AUS,1755,0
Australia,AUS,1756,0
Australia,AUS,1757,0
Australia,AUS,1758,0
Australia,AUS,1759,0
Australia,AUS,1760,0
Australia,AUS,1761,0
Australia,AUS,1762,0
Australia,AUS,1763,0
Australia,AUS,1764,0
Australia,AUS,1765,0
Australia,AUS,1766,0
Australia,AUS,1767,0
Australia,AUS,1768,0
Australia,AUS,1769,0
Australia,AUS,1770,0
Australia,AUS,1771,0
Australia,AUS,1772,0
Australia,AUS,1773,0
Australia,AUS,1774,0
Australia,AUS,1775,0
Australia,AUS,1776,0
Australia,AUS,1777,0
Australia,AUS,1778,0
Australia,AUS,1779,0
Australia,AUS,1780,0
Australia,AUS,1781,0
Australia,AUS,1782,0
Australia,AUS,1783,0
Australia,AUS,1784,0
Australia,AUS,1785,0
Australia,AUS,1786,0
Australia,AUS,1787,0
Australia,AUS,1788,0
Australia,AUS,1789,0
Australia,AUS,1790,0
Australia,AUS,1791,0
Australia,AUS,1792,0
Australia,AUS,1793,0
Australia,AUS,1794,0
Australia,AUS,1795,0
Australia,AUS,1796,0
Australia,AUS,1797,0
Australia,AUS,1798,0
Australia,AUS,1799,0
Australia,AUS,1800,0
Australia,AUS,1801,0
Australia,AUS,1802,0
Australia,AUS,1803,0
Australia,AUS,1804,0
Australia,AUS,1805,0
Australia,AUS,1806,0
Australia,AUS,1807,0
Australia,AUS,1808,0
Australia,AUS,1809,0
Australia,AUS,1810,0
Australia,AUS,1811,0
Australia,AUS,1812,0
Australia,AUS,1813,0
Australia,AUS,1814,0
Australia,AUS,1815,0
Australia,AUS,1816,0
Australia,AUS,1817,0
Australia,AUS,1818,0
Australia,AUS,1819,0
Australia,AUS,1820,0
Australia,AUS,1821,0
Australia,AUS,1822,0
Australia,AUS,1823,0
Australia,AUS,1824,0
Australia,AUS,1825,0
Australia,AUS,1826,0
Australia,AUS,1827,0
Australia,AUS,1828,0
Australia,AUS,1829,0
Australia,AUS,1830,0
Australia,AUS,1831,0
Australia,AUS,1832,0
Australia,AUS,1833,0
Australia,AUS,1834,0
Australia,AUS,1835,0
Australia,AUS,1836,0
Australia,AUS,1837,0
Australia,AUS,1838,0
Australia,AUS,1839,0
Australia,AUS,1840,0
Australia,AUS,1841,0
Australia,AUS,1842,0
Australia,AUS,1843,0
Australia,AUS,1844,0
Australia,AUS,1845,0
Australia,AUS,1846,0
Australia,AUS,1847,0
Australia,AUS,1848,0
Australia,AUS,1849,0
Australia,AUS,1850,0
Australia,AUS,1851,0
Australia,AUS,1852,0
Australia,AUS,1853,0
Australia,AUS,1854,0
Australia,AUS,1855,0
Australia,AUS,1856,0
Australia,AUS,1857,0
Australia,AUS,1858,0
Australia,AUS,1859,0
Australia,AUS,1983,439680
Australia,AUS,1984,274800
Australia,AUS,1985,351744
Australia,AUS,1986,318768
Australia,AUS,1987,256484
Australia,AUS,1988,348080
Australia,AUS,1989,534944
Australia,AUS,1990,7272723
Australia,AUS,1991,7001422
Australia,AUS,1992,7303931
Australia,AUS,1993,7136983
Australia,AUS,1994,6880397
Australia,AUS,1995,7060977
Australia,AUS,1996,6761319
Australia,AUS,1997,6687611
Australia,AUS,1998,6902233
Australia,AUS,1999,7165413
Australia,AUS,2000,7953139
Australia,AUS,2001,8172570
Australia,AUS,2002,8007492
Australia,AUS,2003,7158265
Australia,AUS,2004,6858228
Australia,AUS,2005,6914756
Australia,AUS,2006,7046390
Australia,AUS,2007,7505044
Australia,AUS,2008,7483678
Australia,AUS,2009,7969318
Australia,AUS,2010,8193741
Australia,AUS,2011,7882601
Australia,AUS,2012,8294524
Australia,AUS,2013,8854610
Australia,AUS,2014,9280621
Australia,AUS,2015,10835429
Australia,AUS,2016,12447276
Australia,AUS,2017,14868708
Australia,AUS,2018,16938526
Australia,AUS,2019,20211970
Australia,AUS,2020,17284182
Australia,AUS,2021,15414162
Australia,AUS,2022,17139768
Australia,AUS,2023,17139768
Canada,CAN,1950,0
Canada,CAN,1951,0
Canada,CAN,1952,0
Canada,CAN,1953,1271379
Canada,CAN,1954,0
Canada,CAN,1955,2092144
Canada,CAN,1956,3319584
Canada,CAN,1957,4191616
Canada,CAN,1958,4136655.8
Canada,CAN,1959,3154704
Canada,CAN,1960,3206000
Canada,CAN,1961,3993760
Canada,CAN,1962,4609312
Canada,CAN,1963,4532368
Canada,CAN,1964,4231920
Canada,CAN,1965,4209936
Canada,CAN,1966,4242912
Canada,CAN,1967,4184288
Canada,CAN,1968,4294260
Canada,CAN,1969,4473744
Canada,CAN,1970,4803504
Canada,CAN,1971,4547024
Canada,CAN,1972,4356454
Canada,CAN,1973,4220928
Canada,CAN,1974,3535727
Canada,CAN,1975,2667417
Canada,CAN,1976,2432896
Canada,CAN,1977,2326640
Canada,CAN,1978,2531802
Canada,CAN,1979,2949520
Canada,CAN,1980,3132694
Canada,CAN,1981,2971504
Canada,CAN,1982,2861559
Canada,CAN,1983,3066768
Canada,CAN,1984,4305200
Canada,CAN,1985,5008688
Canada,CAN,1986,4741216
Canada,CAN,1987,4708240
Canada,CAN,1988,5191888
Canada,CAN,1989,4660608
Canada,CAN,1990,11834869
Canada,CAN,1991,12145431
Canada,CAN,1992,13050438
Canada,CAN,1993,13189184
Canada,CAN,1994,14458360
Canada,CAN,1995,14715748
Canada,CAN,1996,15910982
Canada,CAN,1997,16052002
Canada,CAN,1998,17755578
Canada,CAN,1999,16058254
Canada,CAN,2000,16036789
Canada,CAN,2001,15457197
Canada,CAN,2002,15817112
Canada,CAN,2003,15299588
Canada,CAN,2004,15790152
Canada,CAN,2005,15450888
Canada,CAN,2006,15798562
Canada,CAN,2007,15844965
Canada,CAN,2008,15094333
Canada,CAN,2009,14170311
Canada,CAN,2010,14450592
Canada,CAN,2011,14619051
Canada,CAN,2012,15489684
Canada,CAN,2013,16364697
Canada,CAN,2014,16510662
Canada,CAN,2015,15765916
Canada,CAN,2016,13819613
Canada,CAN,2017,14540332
Canada,CAN,2018,15213126
Canada,CAN,2019,15656901
Canada,CAN,2020,16157942
Canada,CAN,2021,16971154
Canada,CAN,2022,17494760
Canada,CAN,2023,17494760
European Union (27),,1830,0
European Union (27),,1831,0
European Union (27),,1832,0
European Union (27),,1833,0
European Union (27),,1850,0
European Union (27),,1855,0
European Union (27),,1858,0
European Union (27),,1859,0
European Union (27),,1860,0
European Union (27),,1861,0
European Union (27),,1862,0
European Union (27),,1863,0
European Union (27),,1864,0
European Union (27),,1865,0
European Union (27),,1866,0
European Union (27),,1867,0
European Union (27),,1868,0
European Union (27),,1869,0
European Union (27),,1870,0
European Union (27),,1871,0
European Union (27),,1872,0
European Union (27),,1873,0
European Union (27),,1874,0
European Union (27),,1875,0
European Union (27),,1876,0
European Union (27),,1877,0
European Union (27),,1878,0
European Union (27),,1879,0
European Union (27),,1880,0
European Union (27),,1881,0
European Union (27),,1882,0
European Union (27),,1883,0
European Union (27),,1884,0
European Union (27),,1885,0
European Union (27),,1886,0
European Union (27),,1887,0
European Union (27),,1888,0
European Union (27),,1889,0
European Union (27),,1890,0
European Union (27),,1891,0
European Union (27),,1892,0
European Union (27),,1893,0
European Union (27),,1894,0
European Union (27),,1895,0
European Union (27),,1896,0
European Union (27),,1897,0
European Union (27),,1898,0
European Union (27),,1899,0
European Union (27),,1900,0
European Union (27),,1901,0
European Union (27),,1902,0
European Union (27),,1903,0
European Union (27),,1904,0
European Union (27),,1905,0
European Union (27),,1906,0
European Union (27),,1907,0
European Union (27),,1908,0
European Union (27),,1909,0
European Union (27),,1910,0
European Union (27),,1911,0
European Union (27),,1912,0
European Union (27),,1913,0
European Union (27),,1914,0
European Union (27),,1915,0
European Union (27),,1916,0
European Union (27),,1917,0
European Union (27),,1918,0
European Union (27),,1919,0
European Union (27),,1920,0
European Union (27),,1921,0
European Union (27),,1922,0
European Union (27),,1923,0
European Union (27),,1924,0
European Union (27),,1925,0
European Union (27),,1926,0
European Union (27),,1927,0
European Union (27),,1928,0
European Union (27),,1929,0
European Union (27),,1930,0
European Union (27),,1931,0
European Union (27),,1932,0
European Union (27),,1933,0
European Union (27),,1934,0
European Union (27),,1935,0
European Union (27),,1936,0
European Union (27),,1937,0
European Union (27),,1938,0
European Union (27),,1939,0
European Union (27),,1940,0
European Union (27),,1941,0
European Union (27),,1942,0
European Union (27),,1943,0
European Union (27),,1944,0
European Union (27),,1945,0
European Union (27),,1946,0
European Union (27),,1947,0
European Union (27),,1948,0
European Union (27),,1949,0
European Union (27),,1950,0
European Union (27),,1951,0
European Union (27),,1952,0
European Union (27),,1953,0
European Union (27),,1954,0
European Union (27),,1955,0
European Union (27),,1956,0
European Union (27),,1957,0
European Union (27),,1958,0
European Union (27),,1959,0
European Union (27),,1960,0
European Union (27),,1961,0
European Union (27),,1962,318745
European Union (27),,1963,450701
European Union (27),,1964,531249
European Union (27),,1965,406704
European Union (27),,1966,219840
European Union (27),,1967,263792
European Union (27),,1968,219853
European Union (27),,1969,344416
European Union (27),,1970,337086
European Union (27),,1971,6644481
European Union (27),,1972,6388767
European Union (27),,1973,6317633
European Union (27),,1974,6263091
European Union (27),,1975,5892168
European Union (27),,1976,6226162
European Union (27),,1977,6584393
European Union (27),,1978,6508603
European Union (27),,1979,4935399
European Union (27),,1980,3993042
European Union (27),,1981,3087392
European Union (27),,1982,1774063
European Union (27),,1983,799329
European Union (27),,1984,883709
European Union (27),,1985,1586422
European Union (27),,1986,1944576
European Union (27),,1987,3060579
European Union (27),,1988,3566852
European Union (27),,1989,3030617
European Union (27),,1990,23199144
European Union (27),,1991,21480128
European Union (27),,1992,21573096
European Union (27),,1993,21316660
European Union (27),,1994,20645404
European Union (27),,1995,21235192
European Union (27),,1996,20760974
European Union (27),,1997,22079460
European Union (27),,1998,21274640
European Union (27),,1999,21240528
European Union (27),,2000,20796464
European Union (27),,2001,19664164
European Union (27),,2002,20380126
European Union (27),,2003,21389108
European Union (27),,2004,20130492
European Union (27),,2005,20978448
European Union (27),,2006,22969756
European Union (27),,2007,22755006
European Union (27),,2008,22521706
European Union (27),,2009,20589236
European Union (27),,2010,21151120
European Union (27),,2011,21679666
European Union (27),,2012,21606120
European Union (27),,2013,23268284
European Union (27),,2014,22598292
European Union (27),,2015,22235560
European Union (27),,2016,21766064
European Union (27),,2017,22306464
European Union (27),,2018,21971340
European Union (27),,2019,21166468
European Union (27),,2020,19021952
European Union (27),,2021,17816850
European Union (27),,2022,18997196
European Union (27),,2023,18689280
Indonesia,IDN,1970,3572400
Indonesia,IDN,1971,3872848
Indonesia,IDN,1972,5924688
Indonesia,IDN,1973,6518256
Indonesia,IDN,1974,7734704
Indonesia,IDN,1975,6976256
Indonesia,IDN,1976,8959012
Indonesia,IDN,1977,17550560
Indonesia,IDN,1978,20972736
Indonesia,IDN,1979,21232062
Indonesia,IDN,1980,12798352
Indonesia,IDN,1981,12116848
Indonesia,IDN,1982,10119968
Indonesia,IDN,1983,8218639.5
Indonesia,IDN,1984,7214416
Indonesia,IDN,1985,6851680
Indonesia,IDN,1986,6994576
Indonesia,IDN,1987,7115699
Indonesia,IDN,1988,8423536
Indonesia,IDN,1989,7851952
Indonesia,IDN,1990,9079608
Indonesia,IDN,1991,11061382
Indonesia,IDN,1992,11809072
Indonesia,IDN,1993,12600496
Indonesia,IDN,1994,10941700
Indonesia,IDN,1995,9633541
Indonesia,IDN,1996,10938800
Indonesia,IDN,1997,11951187
Indonesia,IDN,1998,10305449
Indonesia,IDN,1999,8999715
Indonesia,IDN,2000,8570471
Indonesia,IDN,2001,8703692
Indonesia,IDN,2002,7076907
Indonesia,IDN,2003,6947486
Indonesia,IDN,2004,5977856
Indonesia,IDN,2005,5663231
Indonesia,IDN,2006,6021138
Indonesia,IDN,2007,4922938
Indonesia,IDN,2008,4715804
Indonesia,IDN,2009,5430169
Indonesia,IDN,2010,4274134
Indonesia,IDN,2011,5461731
Indonesia,IDN,2012,6649329
Indonesia,IDN,2013,5899292
Indonesia,IDN,2014,5763476
Indonesia,IDN,2015,5460661
Indonesia,IDN,2016,5089226
Indonesia,IDN,2017,4387020
Indonesia,IDN,2018,3946420
Indonesia,IDN,2019,3783727
Indonesia,IDN,2020,3524962
Indonesia,IDN,2021,3149344
Indonesia,IDN,2022,3162903
Indonesia,IDN,2023,3580440
Mexico,MEX,1950,2678384
Mexico,MEX,1951,3678656
Mexico,MEX,1952,3784912
Mexico,MEX,1953,3664000
Mexico,MEX,1954,3748272
Mexico,MEX,1955,4807168
Mexico,MEX,1956,4536032
Mexico,MEX,1957,6057042
Mexico,MEX,1958,7379296
Mexico,MEX,1959,8830240
Mexico,MEX,1960,8687344
Mexico,MEX,1961,7155792
Mexico,MEX,1962,4293961
Mexico,MEX,1963,5920697
Mexico,MEX,1964,7877211
Mexico,MEX,1965,5909744
Mexico,MEX,1966,6661152
Mexico,MEX,1967,5803540
Mexico,MEX,1968,5807440
Mexico,MEX,1969,6118661
Mexico,MEX,1970,9614336
Mexico,MEX,1971,10119968
Mexico,MEX,1972,8463840
Mexico,MEX,1973,7196096
Mexico,MEX,1974,10043024
Mexico,MEX,1975,10457289
Mexico,MEX,1976,11446336
Mexico,MEX,1977,7111689
Mexico,MEX,1978,10588960
Mexico,MEX,1979,8471168
Mexico,MEX,1980,9885607
Mexico,MEX,1981,11867696
Mexico,MEX,1982,17217342
Mexico,MEX,1983,11475648
Mexico,MEX,1984,7291360
Mexico,MEX,1985,6261776
Mexico,MEX,1986,4063376
Mexico,MEX,1987,4411509
Mexico,MEX,1988,2568464
Mexico,MEX,1989,2073844.9
Mexico,MEX,1990,1846677
Mexico,MEX,1991,1868640
Mexico,MEX,1992,1890624
Mexico,MEX,1993,2612432
Mexico,MEX,1994,2806449
Mexico,MEX,1995,3679089
Mexico,MEX,1996,4707803
Mexico,MEX,1997,6225221
Mexico,MEX,1998,6265602
Mexico,MEX,1999,5159300
Mexico,MEX,2000,5382886
Mexico,MEX,2001,4569531
Mexico,MEX,2002,3726546
Mexico,MEX,2003,3973161
Mexico,MEX,2004,3189110
Mexico,MEX,2005,3523614
Mexico,MEX,2006,4012092
Mexico,MEX,2007,5011702
Mexico,MEX,2008,6720925
Mexico,MEX,2009,5567641
Mexico,MEX,2010,4697251
Mexico,MEX,2011,6373758
Mexico,MEX,2012,8050264.5
Mexico,MEX,2013,8099832.5
Mexico,MEX,2014,9133108
Mexico,MEX,2015,9394480
Mexico,MEX,2016,8522085
Mexico,MEX,2017,7123260
Mexico,MEX,2018,7360420
Mexico,MEX,2019,8429853
Mexico,MEX,2020,10842072
Mexico,MEX,2021,12237033
Mexico,MEX,2022,10655503
Mexico,MEX,2023,10322937
South Africa,ZAF,1994,124170
South Africa,ZAF,1995,115268
South Africa,ZAF,1996,122970
South Africa,ZAF,1997,205833
South Africa,ZAF,1998,245989
South Africa,ZAF,1999,204108
South Africa,ZAF,2000,251465
South Africa,ZAF,2001,253966
South Africa,ZAF,2002,218335
South Africa,ZAF,2003,293147
South Africa,ZAF,2004,282820
South Africa,ZAF,2005,270593
South Africa,ZAF,2006,214809
South Africa,ZAF,2007,157850
South Africa,ZAF,2008,171127
South Africa,ZAF,2009,169377
South Africa,ZAF,2010,192731
South Africa,ZAF,2011,133081
South Africa,ZAF,2012,73431
South Africa,ZAF,2013,51141
South Africa,ZAF,2014,51951
South Africa,ZAF,2015,44599
South Africa,ZAF,2016,41510
South Africa,ZAF,2017,29737
South Africa,ZAF,2018,57138
South Africa,ZAF,2019,41705
South Africa,ZAF,2020,54737
South Africa,ZAF,2021,52399
South Africa,ZAF,2022,37764
South Africa,ZAF,2023,44185
United States,USA,1950,43121616
United States,USA,1951,42700316
United States,USA,1952,45682684
United States,USA,1953,43619856
United States,USA,1954,38951984
United States,USA,1955,41645080
United States,USA,1956,46529196
United States,USA,1957,43557630
United States,USA,1958,34097184
United States,USA,1959,30755656
United States,USA,1960,30315936
United States,USA,1961,28198144
United States,USA,1962,22921984
United States,USA,1963,20650304
United States,USA,1964,18411622
United States,USA,1965,17187824
United States,USA,1966,20232608
United States,USA,1967,26384464
United States,USA,1968,27817088
United States,USA,1969,28315392
United States,USA,1970,26248896
United States,USA,1971,15260547
United States,USA,1972,13307648
United States,USA,1973,13186736
United States,USA,1974,8899856
United States,USA,1975,7111824
United States,USA,1976,7338992
United States,USA,1977,7262048
United States,USA,1978,8123093.5
United States,USA,1979,8866880
United States,USA,1980,6690464
United States,USA,1981,5232192
United States,USA,1982,4990368
United States,USA,1983,5089296
United States,USA,1984,5789115
United States,USA,1985,5100284
United States,USA,1986,5243180
United States,USA,1987,6631840
United States,USA,1988,7643104
United States,USA,1989,7595472
United States,USA,1990,46339000
United States,USA,1991,45348390
United States,USA,1992,45015340
United States,USA,1993,44012880
United States,USA,1994,44408844
United States,USA,1995,42756624
United States,USA,1996,41298990
United States,USA,1997,41418988
United States,USA,1998,39021900
United States,USA,1999,38799652
United States,USA,2000,38914656
United States,USA,2001,38696140
United States,USA,2002,38892520
United States,USA,2003,38566550
United States,USA,2004,39120044
United States,USA,2005,39430492
United States,USA,2006,40037108
United States,USA,2007,40462904
United States,USA,2008,42054316
United States,USA,2009,41081516
United States,USA,2010,43407332
United States,USA,2011,47863200
United States,USA,2012,51515324
United States,USA,2013,57422724
United States,USA,2014,63123630
United States,USA,2015,64372064
United States,USA,2016,55138740
United States,USA,2017,59486420
United States,USA,2018,72066216
United States,USA,2019,88436970
United States,USA,2020,67749200
United States,USA,2021,63293600
United States,USA,2022,63293600
United States,USA,2023,63293600