Entity,Code,Year,Annual CO₂ emissions from oil
Australia,AUS,1750,0
Australia,AUS,1751,0
Australia,AUS,1752,0
Australia,AUS,1753,0
Australia,AUS,1754,0
Australia,AUS,1755,0
Australia,AUS,1756,0
Australia,AUS,1757,0
Australia,AUS,1758,0
Australia,AUS,1759,0
Australia,AUS,1760,0
Australia,AUS,1761,0
Australia,AUS,1762,0
Australia,AUS,1763,0
Australia,AUS,1764,0
Australia,AUS,1765,0
Australia,AUS,1766,0
Australia,AUS,1767,0
Australia,AUS,1768,0
Australia,AUS,1769,0
Australia,AUS,1770,0
Australia,AUS,1771,0
Australia,AUS,1772,0
Australia,AUS,1773,0
Australia,AUS,1774,0
Australia,AUS,1775,0
Australia,AUS,1776,0
Australia,AUS,1777,0
Australia,AUS,1778,0
Australia,AUS,1779,0
Australia,AUS,1780,0
Australia,AUS,1781,0
Australia,AUS,1782,0
Australia,AUS,1783,0
Australia,AUS,1784,0
Australia,AUS,1785,0
Australia,AUS,1786,0
Australia,AUS,1787,0
Australia,AUS,1788,0
Australia,AUS,1789,0
Australia,AUS,1790,0
Australia,AUS,1791,0
Australia,AUS,1792,0
Australia,AUS,1793,0
Australia,AUS,1794,0
Australia,AUS,1795,0
Australia,AUS,1796,0
Australia,AUS,1797,0
Australia,AUS,1798,0
Australia,AUS,1799,0
Australia,AUS,1800,0
Australia,AUS,1801,0
Australia,AUS,1802,0
Australia,AUS,1803,0
Australia,AUS,1804,0
Australia,AUS,1805,0
Australia,AUS,1806,0
Australia,AUS,1807,0
Australia,AUS,1808,0
Australia,AUS,1809,0
Australia,AUS,1810,0
Australia,AUS,1811,0
Australia,AUS,1812,0
Australia,AUS,1813,0
Australia,AUS,1814,0
Australia,AUS,1815,0
Australia,AUS,1816,0
Australia,AUS,1817,0
Australia,AUS,1818,0
Australia,AUS,1819,0
Australia,AUS,1820,0
Australia,AUS,1821,0
Australia,AUS,1822,0
Australia,AUS,1823,0
Australia,AUS,1824,0
Australia,AUS,1825,0
Australia,AUS,1826,0
Australia,AUS,1827,0
Australia,AUS,1828,0
Australia,AUS,1829,0
Australia,AUS,1830,0
Australia,AUS,1831,0
Australia,AUS,1832,0
Australia,AUS,1833,0
Australia,AUS,1834,0
Australia,AUS,1835,0
Australia,AUS,1836,0
Australia,AUS,1837,0
Australia,AUS,1838,0
Australia,AUS,1839,0
Australia,AUS,1840,0
Australia,AUS,1841,0
Australia,AUS,1842,0
Australia,AUS,1843,0
Australia,AUS,1844,0
Australia,AUS,1845,0
Australia,AUS,1846,0
Australia,AUS,1847,0
Australia,AUS,1848,0
Australia,AUS,1849,0
Australia,AUS,1850,0
Australia,AUS,1851,0
Australia,AUS,1852,0
Australia,AUS,1853,0
Australia,AUS,1854,0
Australia,AUS,1855,0
Australia,AUS,1856,0
Australia,AUS,1857,0
Australia,AUS,1858,0
Australia,AUS,1859,0
Australia,AUS,1860,0
Australia,AUS,1861,0
Australia,AUS,1862,0
Australia,AUS,1863,0
Australia,AUS,1864,0
Australia,AUS,1865,0
Australia,AUS,1866,0
Australia,AUS,1867,0
Australia,AUS,1868,0
Australia,AUS,1869,0
Australia,AUS,1870,0
Australia,AUS,1871,0
Australia,AUS,1872,0
Australia,AUS,1873,0
Australia,AUS,1874,0
Australia,AUS,1875,0
Australia,AUS,1876,0
Australia,AUS,1877,0
Australia,AUS,1878,0
Australia,AUS,1879,0
Australia,AUS,1880,0
Australia,AUS,1881,0
Australia,AUS,1882,0
Australia,AUS,1883,0
Australia,AUS,1884,0
Australia,AUS,1885,0
Australia,AUS,1886,0
Australia,AUS,1887,0
Australia,AUS,1888,0
Australia,AUS,1889,0
Australia,AUS,1890,0
Australia,AUS,1891,0
Australia,AUS,1892,0
Australia,AUS,1893,0
Australia,AUS,1894,0
Australia,AUS,1895,0
Australia,AUS,1896,0
Australia,AUS,1897,0
Australia,AUS,1898,0
Australia,AUS,1899,120912
Australia,AUS,1900,120912
Australia,AUS,1901,234496
Australia,AUS,1902,109955
Australia,AUS,1903,173784
Australia,AUS,1904,167217
Australia,AUS,1905,184682
Australia,AUS,1906,178382
Australia,AUS,1907,222761
Australia,AUS,1908,227128
Australia,AUS,1909,250225
Australia,AUS,1910,270044
Australia,AUS,1911,287130
Australia,AUS,1912,425291
Australia,AUS,1913,410596
Australia,AUS,1914,443272
Australia,AUS,1915,475948
Australia,AUS,1916,580986
Australia,AUS,1917,574253
Australia,AUS,1918,424323
Australia,AUS,1919,446822
Australia,AUS,1920,573836
Australia,AUS,1921,632498
Australia,AUS,1922,578029
Australia,AUS,1923,835136
Australia,AUS,1924,1121017
Australia,AUS,1925,1397147
Australia,AUS,1926,1733494
Australia,AUS,1927,2374799
Australia,AUS,1928,2732470
Australia,AUS,1929,3254190
Australia,AUS,1930,3870714
Australia,AUS,1931,3005537
Australia,AUS,1932,2709384
Australia,AUS,1933,3201878
Australia,AUS,1934,3511937
Australia,AUS,1935,3729883
Australia,AUS,1936,4465020
Australia,AUS,1937,4901093
Australia,AUS,1938,5661265
Australia,AUS,1939,5842157
Australia,AUS,1940,6308476
Australia,AUS,1941,4789656
Australia,AUS,1942,5524968
Australia,AUS,1943,6204110
Australia,AUS,1944,6817986
Australia,AUS,1945,6464922
Australia,AUS,1946,7319582
Australia,AUS,1947,6762656
Australia,AUS,1948,8592487
Australia,AUS,1949,10417364
Australia,AUS,1950,11035213
Australia,AUS,1951,14414470
Australia,AUS,1952,14746847
Australia,AUS,1953,14014975
Australia,AUS,1954,15862892
Australia,AUS,1955,19734964
Australia,AUS,1956,23180122
Australia,AUS,1957,22705092
Australia,AUS,1958,24067118
Australia,AUS,1959,25088582
Australia,AUS,1960,27135130
Australia,AUS,1961,29115322
Australia,AUS,1962,31884128
Australia,AUS,1963,35658050
Australia,AUS,1964,39943584
Australia,AUS,1965,47906800
Australia,AUS,1966,46994464
Australia,AUS,1967,51841936
Australia,AUS,1968,55960270
Australia,AUS,1969,61529550
Australia,AUS,1970,68203660
Australia,AUS,1971,71953630
Australia,AUS,1972,71317760
Australia,AUS,1973,82036960
Australia,AUS,1974,76709500
Australia,AUS,1975,77929620
Australia,AUS,1976,73452210
Australia,AUS,1977,77898160
Australia,AUS,1978,81480030
Australia,AUS,1979,79688340
Australia,AUS,1980,82222456
Australia,AUS,1981,85675310
Australia,AUS,1982,85063420
Australia,AUS,1983,76889040
Australia,AUS,1984,81406750
Australia,AUS,1985,71909660
Australia,AUS,1986,73946850
Australia,AUS,1987,76351530
Australia,AUS,1988,77207810
Australia,AUS,1989,81436060
Australia,AUS,1990,88777064
Australia,AUS,1991,88177110
Australia,AUS,1992,87848830
Australia,AUS,1993,90317980
Australia,AUS,1994,91854050
Australia,AUS,1995,96067800
Australia,AUS,1996,98664200
Australia,AUS,1997,98381130
Australia,AUS,1998,99141530
Australia,AUS,1999,100809496
Australia,AUS,2000,102650110
Australia,AUS,2001,103173960
Australia,AUS,2002,105452250
Australia,AUS,2003,109665570
Australia,AUS,2004,113747736
Australia,AUS,2005,116503590
Australia,AUS,2006,117364376
Australia,AUS,2007,119320290
Australia,AUS,2008,122930990
Australia,AUS,2009,122373360
Australia,AUS,2010,124551270
Australia,AUS,2011,129802216
Australia,AUS,2012,133681336
Australia,AUS,2013,137311260
Australia,AUS,2014,137536300
Australia,AUS,2015,137951940
Australia,AUS,2016,137698990
Australia,AUS,2017,139837780
Australia,AUS,2018,144033660
Australia,AUS,2019,143362180
Australia,AUS,2020,135404460
Australia,AUS,2021,134679120
Australia,AUS,2022,133806904
Australia,AUS,2023,141596460
China,CHN,1907,0
China,CHN,1908,0
China,CHN,1909,0
China,CHN,1910,0
China,CHN,1911,0
China,CHN,1912,0
China,CHN,1913,0
China,CHN,1914,0
China,CHN,1915,0
China,CHN,1916,0
China,CHN,1917,0
China,CHN,1918,0
China,CHN,1919,0
China,CHN,1920,0
China,CHN,1921,0
China,CHN,1922,0
China,CHN,1923,0
China,CHN,1924,0
China,CHN,1925,0
China,CHN,1926,7328
China,CHN,1927,10991
China,CHN,1928,10991
China,CHN,1929,10992
China,CHN,1930,153888
China,CHN,1931,186864
China,CHN,1932,216176
China,CHN,1933,267449
China,CHN,1934,282128
China,CHN,1935,432379
China,CHN,1936,509296
China,CHN,1937,593604
China,CHN,1938,835392
China,CHN,1939,1179808
China,CHN,1940,1795284
China,CHN,1941,2033520
China,CHN,1942,2506176
China,CHN,1943,952640
China,CHN,1944,615575
China,CHN,1945,538569
China,CHN,1946,216176
China,CHN,1947,161198
China,CHN,1948,223538
China,CHN,1949,362736
China,CHN,1950,619216
China,CHN,1951,937984
China,CHN,1952,1337360
China,CHN,1953,1908892
China,CHN,1954,3341492
China,CHN,1955,5419056
China,CHN,1956,8093775.5
China,CHN,1957,8987920
China,CHN,1958,12358672
China,CHN,1959,19049136
China,CHN,1960,22991600
China,CHN,1961,22335744
China,CHN,1962,21764160
China,CHN,1963,23270260
China,CHN,1964,27729386
China,CHN,1965,34998530
China,CHN,1966,44546600
China,CHN,1967,42498736
China,CHN,1968,48650590
China,CHN,1969,66849680
China,CHN,1970,94644780
China,CHN,1971,120090760
China,CHN,1972,138327540
China,CHN,1973,158819140
China,CHN,1974,182573460
China,CHN,1975,204191060
China,CHN,1976,238985140
China,CHN,1977,257483950
China,CHN,1978,281992420
China,CHN,1979,278426660
China,CHN,1980,273202500
China,CHN,1981,256374380
China,CHN,1982,257810030
China,CHN,1983,263771360
China,CHN,1984,271451100
China,CHN,1985,284593900
China,CHN,1986,303068300
China,CHN,1987,321523330
China,CHN,1988,343129950
China,CHN,1989,354441250
China,CHN,1990,330291300
China,CHN,1991,356027230
China,CHN,1992,385793020
China,CHN,1993,428548770
China,CHN,1994,423711780
China,CHN,1995,468229900
China,CHN,1996,510622370
China,CHN,1997,557961200
China,CHN,1998,559261950
China,CHN,1999,596751400
China,CHN,2000,648685600
China,CHN,2001,659300160
China,CHN,2002,653086000
China,CHN,2003,727098800
China,CHN,2004,839092700
China,CHN,2005,850172540
China,CHN,2006,898533700
China,CHN,2007,927351100
China,CHN,2008,970117760
China,CHN,2009,982347700
China,CHN,2010,1092571300
China,CHN,2011,1123858800
China,CHN,2012,1176712000
China,CHN,2013,1234621400
China,CHN,2014,1255605200
China,CHN,2015,1328805000
China,CHN,2016,1357838100
China,CHN,2017,1430586800
China,CHN,2018,1500474000
China,CHN,2019,1559728100
China,CHN,2020,1523051500
China,CHN,2021,1521109600
China,CHN,2022,1489342100
China,CHN,2023,1642826800
European Union (27),,1792,0
European Union (27),,1793,0
European Union (27),,1794,0
European Union (27),,1795,0
European Union (27),,1796,0
European Union (27),,1797,0
European Union (27),,1798,0
European Union (27),,1799,0
European Union (27),,1800,0
European Union (27),,1801,0
European Union (27),,1802,0
European Union (27),,1803,0
European Union (27),,1804,0
European Union (27),,1805,0
European Union (27),,1806,0
European Union (27),,1807,0
European Union (27),,1808,0
European Union (27),,1809,0
European Union (27),,1810,0
European Union (27),,1811,0
European Union (27),,1812,0
European Union (27),,1813,0
European Union (27),,1814,0
European Union (27),,1815,0
European Union (27),,1816,0
European Union (27),,1817,0
European Union (27),,1818,0
European Union (27),,1819,0
European Union (27),,1820,0
European Union (27),,1821,0
European Union (27),,1822,0
European Union (27),,1823,0
European Union (27),,1824,0
European Union (27),,1825,0
European Union (27),,1826,0
European Union (27),,1827,0
European Union (27),,1828,0
European Union (27),,1829,0
European Union (27),,1830,0
European Union (27),,1831,0
European Union (27),,1832,0
European Union (27),,1833,0
European Union (27),,1834,0
European Union (27),,1835,0
European Union (27),,1836,0
European Union (27),,1837,0
European Union (27),,1838,0
European Union (27),,1839,0
European Union (27),,1840,0
European Union (27),,1841,0
European Union (27),,1842,0
European Union (27),,1843,0
European Union (27),,1844,0
European Union (27),,1845,0
European Union (27),,1846,0
European Union (27),,1847,0
European Union (27),,1848,0
European Union (27),,1849,0
European Union (27),,1850,0
European Union (27),,1851,0
European Union (27),,1852,0
European Union (27),,1853,0
European Union (27),,1854,0
European Union (27),,1855,36640
European Union (27),,1856,40304
European Union (27),,1857,43968
European Union (27),,1858,51296
European Union (27),,1859,51291
European Union (27),,1860,52660
European Union (27),,1861,56352
European Union (27),,1862,60009
European Union (27),,1863,75479
European Union (27),,1864,116561
European Union (27),,1865,168191
European Union (27),,1866,271697
European Union (27),,1867,398040
European Union (27),,1868,522883
European Union (27),,1869,592630
European Union (27),,1870,702670
European Union (27),,1871,840547
European Union (27),,1872,874539
European Union (27),,1873,1096665
European Union (27),,1874,1171920
European Union (27),,1875,1398405
European Union (27),,1876,1599306
European Union (27),,1877,1769472
European Union (27),,1878,1793066
European Union (27),,1879,1903353
European Union (27),,1880,1953563
European Union (27),,1881,2496713
European Union (27),,1882,2676443
European Union (27),,1883,2814628
European Union (27),,1884,3395883
European Union (27),,1885,3803801
European Union (27),,1886,3534576
European Union (27),,1887,3810029
European Union (27),,1888,4133708
European Union (27),,1889,4475328
European Union (27),,1890,4726160
European Union (27),,1891,5120123
European Union (27),,1892,5533476
European Union (27),,1893,5732946
European Union (27),,1894,5812570
European Union (27),,1895,6334441
European Union (27),,1896,6716490
European Union (27),,1897,7086435
European Union (27),,1898,7608054
European Union (27),,1899,7818180
European Union (27),,1900,8078325
European Union (27),,1901,8387223
European Union (27),,1902,8799002
European Union (27),,1903,9593154
European Union (27),,1904,10444935
European Union (27),,1905,10561280
European Union (27),,1906,11533727
European Union (27),,1907,13592789
European Union (27),,1908,15713675
European Union (27),,1909,17415644
European Union (27),,1910,16411611
European Union (27),,1911,16496776
European Union (27),,1912,16821808
European Union (27),,1913,17640808
European Union (27),,1914,12525830
European Union (27),,1915,10981241
European Union (27),,1916,9496782
European Union (27),,1917,8034728
European Union (27),,1918,7458659
European Union (27),,1919,9136738
European Union (27),,1920,10126465
European Union (27),,1921,9364977
European Union (27),,1922,12278137
European Union (27),,1923,14960208
European Union (27),,1924,18628928
European Union (27),,1925,31672540
European Union (27),,1926,27924518
European Union (27),,1927,24743040
European Union (27),,1928,28678622
European Union (27),,1929,31591092
European Union (27),,1930,38410120
European Union (27),,1931,41678840
European Union (27),,1932,44665584
European Union (27),,1933,50487628
European Union (27),,1934,59217532
European Union (27),,1935,64850256
European Union (27),,1936,67591860
European Union (27),,1937,67133150
European Union (27),,1938,68824240
European Union (27),,1939,59067460
European Union (27),,1940,47610340
European Union (27),,1941,31547476
European Union (27),,1942,32145436
European Union (27),,1943,30946604
European Union (27),,1944,27175248
European Union (27),,1945,27849710
European Union (27),,1946,42638624
European Union (27),,1947,75271690
European Union (27),,1948,98350536
European Union (27),,1949,108572480
European Union (27),,1950,118359020
European Union (27),,1951,143133550
European Union (27),,1952,159042140
European Union (27),,1953,176136600
European Union (27),,1954,210612380
European Union (27),,1955,248936770
European Union (27),,1956,289450200
European Union (27),,1957,313246720
European Union (27),,1958,348821540
European Union (27),,1959,382759360
European Union (27),,1960,448441150
European Union (27),,1961,503512900
European Union (27),,1962,595259800
European Union (27),,1963,687910500
European Union (27),,1964,799950600
European Union (27),,1965,889333700
European Union (27),,1966,1002583000
European Union (27),,1967,1079173400
European Union (27),,1968,1202517500
European Union (27),,1969,1326638100
European Union (27),,1970,1507080300
European Union (27),,1971,1598689500
European Union (27),,1972,1721951700
European Union (27),,1973,1840649300
European Union (27),,1974,1760860900
European Union (27),,1975,1702373900
European Union (27),,1976,1855426700
European Union (27),,1977,1829035800
European Union (27),,1978,1904089300
European Union (27),,1979,1930892300
European Union (27),,1980,1841297300
European Union (27),,1981,1674570200
European Union (27),,1982,1592428400
European Union (27),,1983,1535386800
European Union (27),,1984,1496435500
European Union (27),,1985,1497846500
European Union (27),,1986,1528153700
European Union (27),,1987,1533349800
European Union (27),,1988,1523676200
European Union (27),,1989,1519549200
European Union (27),,1990,1481723900
European Union (27),,1991,1504474400
European Union (27),,1992,1506035100
European Union (27),,1993,1497458800
European Union (27),,1994,1492631700
European Union (27),,1995,1508210600
European Union (27),,1996,1547113700
European Union (27),,1997,1539021600
European Union (27),,1998,1566720800
European Union (27),,1999,1548629100
European Union (27),,2000,1512370400
European Union (27),,2001,1552181200
European Union (27),,2002,1541095000
European Union (27),,2003,1544910200
European Union (27),,2004,1535215500
European Union (27),,2005,1539980800
European Union (27),,2006,1532200800
European Union (27),,2007,1467567700
European Union (27),,2008,1462603400
European Union (27),,2009,1385450800
European Union (27),,2010,1360978200
European Union (27),,2011,1309847300
European Union (27),,2012,1263914600
European Union (27),,2013,1233756400
European Union (27),,2014,1215969500
European Union (27),,2015,1247540500
European Union (27),,2016,1255098400
European Union (27),,2017,1259613200
European Union (27),,2018,1255331100
European Union (27),,2019,1254094700
European Union (27),,2020,1133225200
European Union (27),,2021,1184687600
European Union (27),,2022,1216162800
European Union (27),,2023,1185099100
India,IND,1858,0
India,IND,1859,0
India,IND,1860,0
India,IND,1861,0
India,IND,1862,0
India,IND,1863,0
India,IND,1864,0
India,IND,1865,0
India,IND,1866,0
India,IND,1878,0
India,IND,1879,73280
India,IND,1880,109920
India,IND,1881,99108
India,IND,1882,227168
India,IND,1883,150224
India,IND,1884,296784
India,IND,1885,205184
India,IND,1886,355408
India,IND,1887,344040
India,IND,1888,435587
India,IND,1889,633872
India,IND,1890,655856
India,IND,1891,718144
India,IND,1892,831195
India,IND,1893,1083883
India,IND,1894,707152
India,IND,1895,872448
India,IND,1896,905407
India,IND,1897,1172480
India,IND,1898,1102459
India,IND,1899,1183472
India,IND,1900,1275072
India,IND,1901,1626816
India,IND,1902,1589809
India,IND,1903,1850320
India,IND,1904,2253360
India,IND,1905,2271680
India,IND,1906,2513504
India,IND,1907,2359616
India,IND,1908,2671056
India,IND,1909,3473472
India,IND,1910,2509840
India,IND,1911,2638080
India,IND,1912,2912880
India,IND,1913,3242640
India,IND,1914,3026783
India,IND,1915,3356224
India,IND,1916,3473125
India,IND,1917,3304928
India,IND,1918,3271952
India,IND,1919,3572122
India,IND,1920,3590720
India,IND,1921,3891168
India,IND,1922,3799223
India,IND,1923,3740944
India,IND,1924,3748581
India,IND,1925,3685677
India,IND,1926,3374544
India,IND,1927,3429504
India,IND,1928,527616
India,IND,1929,633872
India,IND,1930,655856
India,IND,1931,736464
India,IND,1932,732800
India,IND,1933,688832
India,IND,1934,809744
India,IND,1935,857376
India,IND,1936,809744
India,IND,1937,886688
India,IND,1938,1022256
India,IND,1939,952704
India,IND,1940,1132176
India,IND,1941,1187136
India,IND,1942,1143168
India,IND,1943,1121264
India,IND,1944,1139584
India,IND,1945,970960
India,IND,1946,897680
India,IND,1947,762160
India,IND,1948,769440
India,IND,1949,776768
India,IND,1950,7188768
India,IND,1951,7851952
India,IND,1952,7562119
India,IND,1953,7679744
India,IND,1954,9541056
India,IND,1955,12750720
India,IND,1956,13945184
India,IND,1957,15894432
India,IND,1958,16842814
India,IND,1959,18386566
India,IND,1960,19444848
India,IND,1961,21310422
India,IND,1962,24885252
India,IND,1963,27106272
India,IND,1964,28121886
India,IND,1965,30814920
India,IND,1966,35676370
India,IND,1967,32697536
India,IND,1968,42249584
India,IND,1969,45350200
India,IND,1970,49332096
India,IND,1971,55442660
India,IND,1972,58877810
India,IND,1973,61749390
India,IND,1974,60628210
India,IND,1975,61838228
India,IND,1976,63438496
India,IND,1977,68557100
India,IND,1978,75317180
India,IND,1979,82663500
India,IND,1980,83176460
India,IND,1981,89713040
India,IND,1982,94406620
India,IND,1983,99169820
India,IND,1984,106104776
India,IND,1985,116759680
India,IND,1986,121857310
India,IND,1987,127671120
India,IND,1988,133615080
India,IND,1989,150714020
India,IND,1990,158166610
India,IND,1991,166422540
India,IND,1992,188054800
India,IND,1993,186878660
India,IND,1994,198955200
India,IND,1995,216281280
India,IND,1996,243160340
India,IND,1997,244201940
India,IND,1998,262892000
India,IND,1999,300976030
India,IND,2000,312847200
India,IND,2001,316721400
India,IND,2002,325220060
India,IND,2003,330614800
India,IND,2004,348234200
India,IND,2005,352376480
India,IND,2006,369693920
India,IND,2007,391897200
India,IND,2008,413233280
India,IND,2009,432659600
India,IND,2010,439499650
India,IND,2011,460104480
India,IND,2012,489813800
India,IND,2013,496940160
India,IND,2014,512464770
India,IND,2015,556116900
India,IND,2016,614596900
India,IND,2017,632558460
India,IND,2018,657084100
India,IND,2019,676153660
India,IND,2020,606045200
India,IND,2021,621928450
India,IND,2022,684056800
India,IND,2023,717799100
Japan,JPN,1868,0
Japan,JPN,1869,0
Japan,JPN,1870,0
Japan,JPN,1871,3206
Japan,JPN,1872,3664
Japan,JPN,1873,10992
Japan,JPN,1874,10992
Japan,JPN,1875,29312
Japan,JPN,1876,29312
Japan,JPN,1877,29312
Japan,JPN,1878,109920
Japan,JPN,1879,168278
Japan,JPN,1880,150224
Japan,JPN,1881,84272
Japan,JPN,1882,201520
Japan,JPN,1883,231144
Japan,JPN,1884,179536
Japan,JPN,1885,183000
Japan,JPN,1886,249405
Japan,JPN,1887,208677
Japan,JPN,1888,289456
Japan,JPN,1889,370064
Japan,JPN,1890,424794
Japan,JPN,1891,395712
Japan,JPN,1892,340752
Japan,JPN,1893,505631.97
Japan,JPN,1894,586435
Japan,JPN,1895,476320
Japan,JPN,1896,604560
Japan,JPN,1897,670512
Japan,JPN,1898,761950
Japan,JPN,1899,696160
Japan,JPN,1900,981952
Japan,JPN,1901,1084715
Japan,JPN,1902,1179635
Japan,JPN,1903,945312
Japan,JPN,1904,1330032
Japan,JPN,1905,1088208
Japan,JPN,1906,1245760
Japan,JPN,1907,1472928
Japan,JPN,1908,1516748
Japan,JPN,1909,1352016
Japan,JPN,1910,787760
Japan,JPN,1911,857447
Japan,JPN,1912,718091
Japan,JPN,1913,839056
Japan,JPN,1914,1139432
Japan,JPN,1915,1264080
Japan,JPN,1916,1278736
Japan,JPN,1917,1234835
Japan,JPN,1918,1055232
Japan,JPN,1919,967296
Japan,JPN,1920,959968
Japan,JPN,1921,916000
Japan,JPN,1922,875651
Japan,JPN,1923,769440
Japan,JPN,1924,773068
Japan,JPN,1925,817072
Japan,JPN,1926,762078
Japan,JPN,1927,762081
Japan,JPN,1928,802416
Japan,JPN,1929,853712
Japan,JPN,1930,864704
Japan,JPN,1931,839017
Japan,JPN,1932,692496
Japan,JPN,1933,619216
Japan,JPN,1934,780460
Japan,JPN,1935,963632
Japan,JPN,1936,1080846
Japan,JPN,1937,1084512
Japan,JPN,1938,1080850
Japan,JPN,1939,989252
Japan,JPN,1940,916000
Japan,JPN,1941,791405
Japan,JPN,1942,725454
Japan,JPN,1943,747474
Japan,JPN,1944,703469
Japan,JPN,1945,677840
Japan,JPN,1946,589904
Japan,JPN,1947,556928
Japan,JPN,1948,487312
Japan,JPN,1949,593568
Japan,JPN,1950,4470080
Japan,JPN,1951,9057408
Japan,JPN,1952,12790665
Japan,JPN,1953,22174528
Japan,JPN,1954,24120112
Japan,JPN,1955,27578928
Japan,JPN,1956,32536320
Japan,JPN,1957,44106372
Japan,JPN,1958,46598750
Japan,JPN,1959,57363584
Japan,JPN,1960,80943816
Japan,JPN,1961,108045430
Japan,JPN,1962,122170280
Japan,JPN,1963,151447780
Japan,JPN,1964,178834350
Japan,JPN,1965,201454050
Japan,JPN,1966,226711970
Japan,JPN,1967,283261730
Japan,JPN,1968,334630940
Japan,JPN,1969,402704320
Japan,JPN,1970,504490080
Japan,JPN,1971,555853060
Japan,JPN,1972,620241900
Japan,JPN,1973,651025800
Japan,JPN,1974,635279000
Japan,JPN,1975,606028160
Japan,JPN,1976,644761400
Japan,JPN,1977,668695700
Japan,JPN,1978,651504200
Japan,JPN,1979,679159040
Japan,JPN,1980,630658700
Japan,JPN,1981,590551230
Japan,JPN,1982,566787840
Japan,JPN,1983,559573440
Japan,JPN,1984,568097300
Japan,JPN,1985,529480960
Japan,JPN,1986,540355700
Japan,JPN,1987,536237380
Japan,JPN,1988,584909950
Japan,JPN,1989,615156300
Japan,JPN,1990,671547700
Japan,JPN,1991,673907300
Japan,JPN,1992,687491260
Japan,JPN,1993,672880800
Japan,JPN,1994,712947140
Japan,JPN,1995,710222600
Japan,JPN,1996,707764600
Japan,JPN,1997,692896500
Japan,JPN,1998,677016450
Japan,JPN,1999,686568500
Japan,JPN,2000,677303400
Japan,JPN,2001,655581060
Japan,JPN,2002,666480400
Japan,JPN,2003,656529100
Japan,JPN,2004,645380000
Japan,JPN,2005,642359500
Japan,JPN,2006,605587600
Japan,JPN,2007,608164030
Japan,JPN,2008,563407040
Japan,JPN,2009,516482600
Japan,JPN,2010,522306800
Japan,JPN,2011,552860860
Japan,JPN,2012,564639170
Japan,JPN,2013,541958900
Japan,JPN,2014,497145150
Japan,JPN,2015,476885700
Japan,JPN,2016,460517800
Japan,JPN,2017,448259040
Japan,JPN,2018,431786900
Japan,JPN,2019,415811650
Japan,JPN,2020,387123550
Japan,JPN,2021,390515260
Japan,JPN,2022,384784420
Japan,JPN,2023,377727420
South Africa,ZAF,1884,0
South Africa,ZAF,1885,0
South Africa,ZAF,1886,0
South Africa,ZAF,1887,0
South Africa,ZAF,1888,0
South Africa,ZAF,1889,0
South Africa,ZAF,1890,0
South Africa,ZAF,1891,0
South Africa,ZAF,1892,0
South Africa,ZAF,1893,0
South Africa,ZAF,1894,0
South Africa,ZAF,1895,0
South Africa,ZAF,1896,0
South Africa,ZAF,1897,0
South Africa,ZAF,1898,0
South Africa,ZAF,1899,0
South Africa,ZAF,1900,0
South Africa,ZAF,1901,0
South Africa,ZAF,1902,0
South Africa,ZAF,1903,0
South Africa,ZAF,1904,0
South Africa,ZAF,1905,0
South Africa,ZAF,1906,0
South Africa,ZAF,1907,0
South Africa,ZAF,1908,0
South Africa,ZAF,1909,0
South Africa,ZAF,1910,0
South Africa,ZAF,1911,0
South Africa,ZAF,1912,0
South Africa,ZAF,1913,0
South Africa,ZAF,1914,0
South Africa,ZAF,1915,0
South Africa,ZAF,1916,0
South Africa,ZAF,1917,0
South Africa,ZAF,1918,0
South Africa,ZAF,1919,0
South Africa,ZAF,1920,0
South Africa,ZAF,1921,0
South Africa,ZAF,1922,0
South Africa,ZAF,1923,0
South Africa,ZAF,1924,0
South Africa,ZAF,1925,0
South Africa,ZAF,1926,0
South Africa,ZAF,1927,0
South Africa,ZAF,1928,0
South Africa,ZAF,1929,0
South Africa,ZAF,1930,0
South Africa,ZAF,1931,0
South Africa,ZAF,1932,0
South Africa,ZAF,1933,0
South Africa,ZAF,1934,0
South Africa,ZAF,1935,0
South Africa,ZAF,1936,0
South Africa,ZAF,1937,0
South Africa,ZAF,1938,0
South Africa,ZAF,1939,0
South Africa,ZAF,1940,0
South Africa,ZAF,1941,0
South Africa,ZAF,1942,0
South Africa,ZAF,1943,0
South Africa,ZAF,1944,0
South Africa,ZAF,1945,0
South Africa,ZAF,1946,0
South Africa,ZAF,1947,0
South Africa,ZAF,1948,0
South Africa,ZAF,1949,0
South Africa,ZAF,1950,4946697
South Africa,ZAF,1951,5646542
South Africa,ZAF,1952,5979648
South Africa,ZAF,1953,6060256
South Africa,ZAF,1954,6774400
South Africa,ZAF,1955,7628448
South Africa,ZAF,1956,8511472
South Africa,ZAF,1957,8056806.5
South Africa,ZAF,1958,9196640
South Africa,ZAF,1959,8643376
South Africa,ZAF,1960,9068060
South Africa,ZAF,1961,10365456
South Africa,ZAF,1962,11091313
South Africa,ZAF,1963,11695879
South Africa,ZAF,1964,15286208
South Africa,ZAF,1965,15121328
South Africa,ZAF,1966,17217628
South Africa,ZAF,1967,18873264
South Africa,ZAF,1968,17298202
South Africa,ZAF,1969,19910176
South Africa,ZAF,1970,22881680
South Africa,ZAF,1971,32089314
South Africa,ZAF,1972,30678016
South Africa,ZAF,1973,32731204
South Africa,ZAF,1974,32605934
South Africa,ZAF,1975,37002004
South Africa,ZAF,1976,37684240
South Africa,ZAF,1977,37915070
South Africa,ZAF,1978,36995410
South Africa,ZAF,1979,35313630
South Africa,ZAF,1980,30620048
South Africa,ZAF,1981,34977044
South Africa,ZAF,1982,45774948
South Africa,ZAF,1983,48232896
South Africa,ZAF,1984,46836910
South Africa,ZAF,1985,46913856
South Africa,ZAF,1986,46943690
South Africa,ZAF,1987,41421060
South Africa,ZAF,1988,44880336
South Africa,ZAF,1989,52875184
South Africa,ZAF,1990,40615440
South Africa,ZAF,1991,41238320
South Africa,ZAF,1992,34753040
South Africa,ZAF,1993,23156480
South Africa,ZAF,1994,31646310
South Africa,ZAF,1995,33767424
South Africa,ZAF,1996,31649632
South Africa,ZAF,1997,44242800
South Africa,ZAF,1998,44587216
South Africa,ZAF,1999,30689664
South Africa,ZAF,2000,33302098
South Africa,ZAF,2001,25886160
South Africa,ZAF,2002,22449328
South Africa,ZAF,2003,39743772
South Africa,ZAF,2004,54238190
South Africa,ZAF,2005,27831744
South Africa,ZAF,2006,53079932
South Africa,ZAF,2007,59331620
South Africa,ZAF,2008,62764784
South Africa,ZAF,2009,71070610
South Africa,ZAF,2010,54458030
South Africa,ZAF,2011,62665390
South Africa,ZAF,2012,52182690
South Africa,ZAF,2013,51655070
South Africa,ZAF,2014,58755904
South Africa,ZAF,2015,53893776
South Africa,ZAF,2016,59049024
South Africa,ZAF,2017,57224350
South Africa,ZAF,2018,64823490
South Africa,ZAF,2019,55168850
South Africa,ZAF,2020,45407950
South Africa,ZAF,2021,56557504
South Africa,ZAF,2022,56433760
South Africa,ZAF,2023,57360716
United Kingdom,GBR,1750,0
United Kingdom,GBR,1751,0
United Kingdom,GBR,1752,0
United Kingdom,GBR,1753,0
United Kingdom,GBR,1754,0
United Kingdom,GBR,1755,0
United Kingdom,GBR,1756,0
United Kingdom,GBR,1757,0
United Kingdom,GBR,1758,0
United Kingdom,GBR,1759,0
United Kingdom,GBR,1760,0
United Kingdom,GBR,1761,0
United Kingdom,GBR,1762,0
United Kingdom,GBR,1763,0
United Kingdom,GBR,1764,0
United Kingdom,GBR,1765,0
United Kingdom,GBR,1766,0
United Kingdom,GBR,1767,0
United Kingdom,GBR,1768,0
United Kingdom,GBR,1769,0
United Kingdom,GBR,1770,0
United Kingdom,GBR,1771,0
United Kingdom,GBR,1772,0
United Kingdom,GBR,1773,0
United Kingdom,GBR,1774,0
United Kingdom,GBR,1775,0
United Kingdom,GBR,1776,0
United Kingdom,GBR,1777,0
United Kingdom,GBR,1778,0
United Kingdom,GBR,1779,0
United Kingdom,GBR,1780,0
United Kingdom,GBR,1781,0
United Kingdom,GBR,1782,0
United Kingdom,GBR,1783,0
United Kingdom,GBR,1784,0
United Kingdom,GBR,1785,0
United Kingdom,GBR,1786,0
United Kingdom,GBR,1787,0
United Kingdom,GBR,1788,0
United Kingdom,GBR,1789,0
United Kingdom,GBR,1790,0
United Kingdom,GBR,1791,0
United Kingdom,GBR,1792,0
United Kingdom,GBR,1793,0
United Kingdom,GBR,1794,0
United Kingdom,GBR,1795,0
United Kingdom,GBR,1796,0
United Kingdom,GBR,1797,0
United Kingdom,GBR,1798,0
United Kingdom,GBR,1799,0
United Kingdom,GBR,1800,0
United Kingdom,GBR,1801,0
United Kingdom,GBR,1802,0
United Kingdom,GBR,1803,0
United Kingdom,GBR,1804,0
United Kingdom,GBR,1805,0
United Kingdom,GBR,1806,0
United Kingdom,GBR,1807,0
United Kingdom,GBR,1808,0
United Kingdom,GBR,1809,0
United Kingdom,GBR,1810,0
United Kingdom,GBR,1811,0
United Kingdom,GBR,1812,0
United Kingdom,GBR,1813,0
United Kingdom,GBR,1814,0
United Kingdom,GBR,1815,0
United Kingdom,GBR,1816,0
United Kingdom,GBR,1817,0
United Kingdom,GBR,1818,0
United Kingdom,GBR,1819,0
United Kingdom,GBR,1820,0
United Kingdom,GBR,1821,0
United Kingdom,GBR,1822,0
United Kingdom,GBR,1823,0
United Kingdom,GBR,1824,0
United Kingdom,GBR,1825,0
United Kingdom,GBR,1826,0
United Kingdom,GBR,1827,0
United Kingdom,GBR,1828,0
United Kingdom,GBR,1829,0
United Kingdom,GBR,1830,0
United Kingdom,GBR,1831,0
United Kingdom,GBR,1832,0
United Kingdom,GBR,1833,0
United Kingdom,GBR,1834,0
United Kingdom,GBR,1835,0
United Kingdom,GBR,1836,0
United Kingdom,GBR,1837,0
United Kingdom,GBR,1838,0
United Kingdom,GBR,1839,0
United Kingdom,GBR,1840,0
United Kingdom,GBR,1841,0
United Kingdom,GBR,1842,0
United Kingdom,GBR,1843,0
United Kingdom,GBR,1844,0
United Kingdom,GBR,1845,0
United Kingdom,GBR,1846,0
United Kingdom,GBR,1847,0
United Kingdom,GBR,1848,0
United Kingdom,GBR,1849,0
United Kingdom,GBR,1850,0
United Kingdom,GBR,1851,0
United Kingdom,GBR,1852,0
United Kingdom,GBR,1853,0
United Kingdom,GBR,1854,0
United Kingdom,GBR,1855,0
United Kingdom,GBR,1856,0
United Kingdom,GBR,1857,7328
United Kingdom,GBR,1858,10992
United Kingdom,GBR,1859,3664
United Kingdom,GBR,1860,0
United Kingdom,GBR,1861,3664
United Kingdom,GBR,1862,62288
United Kingdom,GBR,1863,87936
United Kingdom,GBR,1864,51297
United Kingdom,GBR,1865,36640
United Kingdom,GBR,1866,76944
United Kingdom,GBR,1867,54960
United Kingdom,GBR,1868,51296
United Kingdom,GBR,1869,65952
United Kingdom,GBR,1870,84271
United Kingdom,GBR,1871,106256
United Kingdom,GBR,1872,76944
United Kingdom,GBR,1873,197856
United Kingdom,GBR,1874,256480.02
United Kingdom,GBR,1875,234493
United Kingdom,GBR,1876,300448
United Kingdom,GBR,1877,406704
United Kingdom,GBR,1878,362736
United Kingdom,GBR,1879,516623.97
United Kingdom,GBR,1880,465328
United Kingdom,GBR,1881,707152
United Kingdom,GBR,1882,714480
United Kingdom,GBR,1883,842720
United Kingdom,GBR,1884,633879
United Kingdom,GBR,1885,886688
United Kingdom,GBR,1886,853712
United Kingdom,GBR,1887,926992
United Kingdom,GBR,1888,1132176
United Kingdom,GBR,1889,1234768
United Kingdom,GBR,1890,1260429
United Kingdom,GBR,1891,1564528
United Kingdom,GBR,1892,1560864
United Kingdom,GBR,1893,1857648
United Kingdom,GBR,1894,1952932
United Kingdom,GBR,1895,2121477
United Kingdom,GBR,1896,2275366
United Kingdom,GBR,1897,2224048
United Kingdom,GBR,1898,2630727
United Kingdom,GBR,1899,2876240
United Kingdom,GBR,1900,3055776
United Kingdom,GBR,1901,3041120
United Kingdom,GBR,1902,3414848
United Kingdom,GBR,1903,3425840
United Kingdom,GBR,1904,3620032
United Kingdom,GBR,1905,3594384
United Kingdom,GBR,1906,3587056
United Kingdom,GBR,1907,3645680
United Kingdom,GBR,1908,4118336.2
United Kingdom,GBR,1909,4290544
United Kingdom,GBR,1910,4140319.8
United Kingdom,GBR,1911,4382144
United Kingdom,GBR,1912,4964720
United Kingdom,GBR,1913,5851408
United Kingdom,GBR,1914,7749360
United Kingdom,GBR,1915,7053200
United Kingdom,GBR,1916,5411728
United Kingdom,GBR,1917,9907528
United Kingdom,GBR,1918,15872448
United Kingdom,GBR,1919,8551776
United Kingdom,GBR,1920,9721754
United Kingdom,GBR,1921,13317182
United Kingdom,GBR,1922,13016170
United Kingdom,GBR,1923,13860031
United Kingdom,GBR,1924,16104473
United Kingdom,GBR,1925,15760775
United Kingdom,GBR,1926,19531470
United Kingdom,GBR,1927,20962526
United Kingdom,GBR,1928,21082320
United Kingdom,GBR,1929,21137544
United Kingdom,GBR,1930,23431740
United Kingdom,GBR,1931,21466636
United Kingdom,GBR,1932,21662352
United Kingdom,GBR,1933,23411874
United Kingdom,GBR,1934,26056312
United Kingdom,GBR,1935,25931152
United Kingdom,GBR,1936,27033646
United Kingdom,GBR,1937,27778718
United Kingdom,GBR,1938,29051662
United Kingdom,GBR,1939,26936334
United Kingdom,GBR,1940,29189430
United Kingdom,GBR,1941,33116082
United Kingdom,GBR,1942,25986636
United Kingdom,GBR,1943,37274260
United Kingdom,GBR,1944,49825932
United Kingdom,GBR,1945,38106084
United Kingdom,GBR,1946,33988576
United Kingdom,GBR,1947,29814194
United Kingdom,GBR,1948,41481704
United Kingdom,GBR,1949,39876116
United Kingdom,GBR,1950,41967760
United Kingdom,GBR,1951,54048024
United Kingdom,GBR,1952,53347470
United Kingdom,GBR,1953,56136144
United Kingdom,GBR,1954,63009810
United Kingdom,GBR,1955,70705520
United Kingdom,GBR,1956,72990540
United Kingdom,GBR,1957,82062610
United Kingdom,GBR,1958,91471760
United Kingdom,GBR,1959,114591864
United Kingdom,GBR,1960,129145010
United Kingdom,GBR,1961,138477220
United Kingdom,GBR,1962,148359020
United Kingdom,GBR,1963,156840930
United Kingdom,GBR,1964,172725660
United Kingdom,GBR,1965,189773220
United Kingdom,GBR,1966,204791950
United Kingdom,GBR,1967,212114980
United Kingdom,GBR,1968,220841600
United Kingdom,GBR,1969,238096340
United Kingdom,GBR,1970,265174690
United Kingdom,GBR,1971,269542140
United Kingdom,GBR,1972,289347700
United Kingdom,GBR,1973,291910880
United Kingdom,GBR,1974,271425440
United Kingdom,GBR,1975,241395310
United Kingdom,GBR,1976,235796720
United Kingdom,GBR,1977,240239700
United Kingdom,GBR,1978,247567660
United Kingdom,GBR,1979,253264450
United Kingdom,GBR,1980,214530860
United Kingdom,GBR,1981,195249070
United Kingdom,GBR,1982,196244720
United Kingdom,GBR,1983,187284100
United Kingdom,GBR,1984,238803040
United Kingdom,GBR,1985,205724930
United Kingdom,GBR,1986,201313520
United Kingdom,GBR,1987,193726670
United Kingdom,GBR,1988,206462620
United Kingdom,GBR,1989,222612600
United Kingdom,GBR,1990,217799800
United Kingdom,GBR,1991,218390340
United Kingdom,GBR,1992,218446770
United Kingdom,GBR,1993,219163180
United Kingdom,GBR,1994,215736320
United Kingdom,GBR,1995,211595040
United Kingdom,GBR,1996,216892460
United Kingdom,GBR,1997,207743340
United Kingdom,GBR,1998,204933890
United Kingdom,GBR,1999,201663020
United Kingdom,GBR,2000,198237970
United Kingdom,GBR,2001,198650750
United Kingdom,GBR,2002,196130340
United Kingdom,GBR,2003,194397360
United Kingdom,GBR,2004,197952290
United Kingdom,GBR,2005,200447660
United Kingdom,GBR,2006,197183100
United Kingdom,GBR,2007,196160260
United Kingdom,GBR,2008,188799540
United Kingdom,GBR,2009,180263890
United Kingdom,GBR,2010,179848420
United Kingdom,GBR,2011,172059740
United Kingdom,GBR,2012,170288370
United Kingdom,GBR,2013,165756480
United Kingdom,GBR,2014,166510700
United Kingdom,GBR,2015,170772560
United Kingdom,GBR,2016,173930290
United Kingdom,GBR,2017,174850620
United Kingdom,GBR,2018,173087120
United Kingdom,GBR,2019,168995540
United Kingdom,GBR,2020,143980930
United Kingdom,GBR,2021,151893780
United Kingdom,GBR,2022,149520260
United Kingdom,GBR,2023,154927020
United States,USA,1800,0
United States,USA,1801,0
United States,USA,1802,0
United States,USA,1803,0
United States,USA,1804,0
United States,USA,1805,0
United States,USA,1806,0
United States,USA,1807,0
United States,USA,1808,0
United States,USA,1809,0
United States,USA,1810,0
United States,USA,1811,0
United States,USA,1812,0
United States,USA,1813,0
United States,USA,1814,0
United States,USA,1815,0
United States,USA,1816,0
United States,USA,1817,0
United States,USA,1818,0
United States,USA,1819,0
United States,USA,1820,0
United States,USA,1821,0
United States,USA,1822,0
United States,USA,1823,0
United States,USA,1824,0
United States,USA,1825,0
United States,USA,1826,0
United States,USA,1827,0
United States,USA,1828,0
United States,USA,1829,0
United States,USA,1830,0
United States,USA,1831,0
United States,USA,1832,0
United States,USA,1833,0
United States,USA,1834,0
United States,USA,1835,0
United States,USA,1836,0
United States,USA,1837,0
United States,USA,1838,0
United States,USA,1839,0
United States,USA,1840,0
United States,USA,1841,0
United States,USA,1842,0
United States,USA,1843,0
United States,USA,1844,0
United States,USA,1845,0
United States,USA,1846,0
United States,USA,1847,0
United States,USA,1848,0
United States,USA,1849,0
United States,USA,1850,0
United States,USA,1851,0
United States,USA,1852,0
United States,USA,1853,0
United States,USA,1854,0
United States,USA,1855,0
United States,USA,1856,0
United States,USA,1857,0
United States,USA,1858,0
United States,USA,1859,0
United States,USA,1860,201536
United States,USA,1861,861040
United States,USA,1862,1249328
United States,USA,1863,1066224
United States,USA,1864,864704
United States,USA,1865,1022256
United States,USA,1866,1469264
United States,USA,1867,1366741
United States,USA,1868,1491248
United States,USA,1869,1725744
United States,USA,1870,2048176
United States,USA,1871,2018863.9
United States,USA,1872,2410912
United States,USA,1873,3850864
United States,USA,1874,4323520
United States,USA,1875,3429504
United States,USA,1876,3484368
United States,USA,1877,5177103
United States,USA,1878,6056592
United States,USA,1879,7862944
United States,USA,1880,10383776
United States,USA,1881,10915056
United States,USA,1882,11966624
United States,USA,1883,9005982
United States,USA,1884,9116032
United States,USA,1885,8134080
United States,USA,1886,10724528
United States,USA,1887,10768496
United States,USA,1888,10526672
United States,USA,1889,13538480
United States,USA,1890,17788558
United States,USA,1891,21251200
United States,USA,1892,19628048
United States,USA,1893,18701056
United States,USA,1894,18976020
United States,USA,1895,20532900
United States,USA,1896,23837802
United States,USA,1897,23533700
United States,USA,1898,21507680
United States,USA,1899,22178192
United States,USA,1900,24651392
United States,USA,1901,27124592
United States,USA,1902,34870290
United States,USA,1903,39838670
United States,USA,1904,46789084
United States,USA,1905,53853470
United States,USA,1906,50273744
United States,USA,1907,66688264
United States,USA,1908,71546930
United States,USA,1909,73236030
United States,USA,1910,83931250
United States,USA,1911,88170500
United States,USA,1912,89320990
United States,USA,1913,107076740
United States,USA,1914,114617250
United States,USA,1915,120930320
United States,USA,1916,133981490
United States,USA,1917,147941330
United States,USA,1918,159189810
United States,USA,1919,179217230
United States,USA,1920,230645140
United States,USA,1921,246360030
United States,USA,1922,282487800
United States,USA,1923,334413280
United States,USA,1924,325557400
United States,USA,1925,341243680
United States,USA,1926,345266050
United States,USA,1927,396206620
United States,USA,1928,404402180
United States,USA,1929,445598200
United States,USA,1930,393406530
United States,USA,1931,366620770
United States,USA,1932,337650300
United States,USA,1933,373786620
United States,USA,1934,374993060
United States,USA,1935,405206430
United States,USA,1936,448356350
United States,USA,1937,513635260
United States,USA,1938,482195900
United States,USA,1939,508157630
United States,USA,1940,557620500
United States,USA,1941,588735170
United States,USA,1942,565693250
United States,USA,1943,612935940
United States,USA,1944,700119740
United States,USA,1945,727377300
United States,USA,1946,737018430
United States,USA,1947,791342200
United States,USA,1948,874345200
United States,USA,1949,813723100
United States,USA,1950,896800640
United States,USA,1951,960661900
United States,USA,1952,1000966700
United States,USA,1953,1050079000
United States,USA,1954,1063212160
United States,USA,1955,1147903500
United States,USA,1956,1203786800
United States,USA,1957,1193661600
United States,USA,1958,1220046100
United States,USA,1959,1258457300
United States,USA,1960,1281630600
United States,USA,1961,1297316200
United States,USA,1962,1334747500
United States,USA,1963,1359256000
United States,USA,1964,1393919100
United States,USA,1965,1464691300
United States,USA,1966,1529661400
United States,USA,1967,1589194100
United States,USA,1968,1689422700
United States,USA,1969,1781627300
United States,USA,1970,2038081700
United States,USA,1971,2097305000
United States,USA,1972,2269173800
United States,USA,1973,2325281000
United States,USA,1974,2227390000
United States,USA,1975,2190270000
United States,USA,1976,2350496000
United States,USA,1977,2478228000
United States,USA,1978,2524556800
United States,USA,1979,2441815800
United States,USA,1980,2244350200
United States,USA,1981,2101535000
United States,USA,1982,1994366000
United States,USA,1983,1977974900
United States,USA,1984,2034423900
United States,USA,1985,2023738000
United States,USA,1986,2111990000
United States,USA,1987,2143020000
United States,USA,1988,2241040100
United States,USA,1989,2239660000
United States,USA,1990,2178622000
United States,USA,1991,2120971000
United States,USA,1992,2174378800
United States,USA,1993,2181651700
United States,USA,1994,2227062300
United States,USA,1995,2217903900
United States,USA,1996,2305301200
United States,USA,1997,2326337500
United States,USA,1998,2370914800
United States,USA,1999,2433460200
United States,USA,2000,2487839500
United States,USA,2001,2502248400
United States,USA,2002,2495707600
United States,USA,2003,2557331500
United States,USA,2004,2630811400
United States,USA,2005,2642555600
United States,USA,2006,2609566000
United States,USA,2007,2592442400
United States,USA,2008,2414717000
United States,USA,2009,2280318500
United States,USA,2010,2300573700
United States,USA,2011,2252414000
United States,USA,2012,2196024600
United States,USA,2013,2224627500
United States,USA,2014,2247931400
United States,USA,2015,2285675500
United States,USA,2016,2299961000
United States,USA,2017,2315177000
United States,USA,2018,2366168600
United States,USA,2019,2360999000
United States,USA,2020,2047544400
United States,USA,2021,2238882600
United States,USA,2022,2258466800
United States,USA,2023,2250856000